date,client,triggers,retriggers,notifications,component1,component2,component3
20241101,c1,1,10,11,2,0,9
20241101,c2,3,15,18,6,0,12
20241101,c3,2,1,3,2,1,0
20241101,c4,3,13,16,0,3,13
20241101,c5,1,3,4,1,2,1
20241101,c6,1,5,6,2,4,0
20241101,c7,2,6,8,0,0,8
20241102,c1,1,16,17,14,0,3
20241102,c2,1,0,1,0,1,0
20241102,c3,2,20,22,10,7,5
20241102,c4,1,9,10,3,6,1
20241102,c5,3,20,23,12,0,11
20241102,c6,2,7,9,6,2,1
20241102,c7,2,12,14,13,1,0
20241103,c1,1,7,8,5,1,2
20241103,c2,3,14,17,11,5,1
20241103,c3,3,8,11,7,4,0
20241103,c4,2,16,18,5,11,2
20241103,c5,1,15,16,9,4,3
20241103,c6,2,1,3,1,2,0
20241103,c7,3,7,10,1,0,9
20241104,c1,2,8,10,2,3,5
20241104,c2,1,19,20,6,7,7
20241104,c3,3,6,9,4,0,5
20241104,c4,1,0,1,1,0,0
20241104,c5,2,7,9,6,1,2
20241104,c6,3,0,3,1,1,1
20241104,c7,1,14,15,14,1,0
20241105,c1,2,15,17,6,7,4
20241105,c2,1,12,13,0,7,6
20241105,c3,1,12,13,6,0,7
20241105,c4,1,9,10,2,5,3
20241105,c5,2,8,10,4,6,0
20241105,c6,3,7,10,4,0,6
20241105,c7,3,20,23,1,17,5
20241106,c1,1,14,15,15,0,0
20241106,c2,3,20,23,6,8,9
20241106,c3,2,13,15,7,2,6
20241106,c4,2,14,16,12,4,0
20241106,c5,2,2,4,2,1,1
20241106,c6,1,6,7,4,0,3
20241106,c7,1,9,10,2,4,4
20241107,c1,3,1,4,1,3,0
20241107,c2,3,20,23,19,3,1
20241107,c3,2,19,21,1,20,0
20241107,c4,1,19,20,10,10,0
20241107,c5,1,16,17,9,2,6
20241107,c6,1,1,2,1,0,1
20241107,c7,1,1,2,2,0,0
20241108,c1,1,9,10,0,0,10
20241108,c2,1,11,12,10,1,1
20241108,c3,2,3,5,2,0,3
20241108,c4,2,8,10,3,5,2
20241108,c5,1,20,21,6,3,12
20241108,c6,2,19,21,17,1,3
20241108,c7,1,19,20,18,2,0
20241109,c1,2,11,13,8,0,5
20241109,c2,3,11,14,12,1,1
20241109,c3,1,16,17,4,2,11
20241109,c4,1,1,2,2,0,0
20241109,c5,1,4,5,1,0,4
20241109,c6,2,15,17,11,3,3
20241109,c7,2,3,5,0,4,1
20241110,c1,3,16,19,1,2,16
20241110,c2,1,8,9,4,0,5
20241110,c3,1,2,3,3,0,0
20241110,c4,1,1,2,2,0,0
20241110,c5,3,6,9,7,0,2
20241110,c6,3,13,16,6,1,9
20241110,c7,1,10,11,11,0,0
20241111,c1,1,9,10,3,5,2
20241111,c2,1,10,11,2,4,5
20241111,c3,1,9,10,9,0,1
20241111,c4,1,5,6,6,0,0
20241111,c5,3,18,21,0,6,15
20241111,c6,1,7,8,3,4,1
20241111,c7,2,4,6,4,1,1
20241112,c1,2,20,22,15,0,7
20241112,c2,3,4,7,7,0,0
20241112,c3,3,12,15,10,0,5
20241112,c4,3,11,14,11,3,0
20241112,c5,3,1,4,3,0,1
20241112,c6,1,0,1,1,0,0
20241112,c7,1,4,5,3,1,1
20241113,c1,2,18,20,10,3,7
20241113,c2,1,9,10,2,4,4
20241113,c3,1,18,19,12,6,1
20241113,c4,3,18,21,5,1,15
20241113,c5,3,6,9,5,4,0
20241113,c6,1,10,11,6,5,0
20241113,c7,2,6,8,0,8,0
20241114,c1,3,2,5,3,0,2
20241114,c2,2,1,3,1,1,1
20241114,c3,3,16,19,17,1,1
20241114,c4,1,3,4,1,3,0
20241114,c5,1,4,5,3,0,2
20241114,c6,2,10,12,6,0,6
20241114,c7,2,5,7,7,0,0
20241115,c1,3,2,5,3,1,1
20241115,c2,1,11,12,3,0,9
20241115,c3,2,12,14,12,1,1
20241115,c4,2,13,15,0,5,10
20241115,c5,3,14,17,3,3,11
20241115,c6,2,16,18,2,3,13
20241115,c7,1,14,15,9,4,2
20241116,c1,2,9,11,0,1,10
20241116,c2,3,12,15,9,6,0
20241116,c3,1,20,21,4,0,17
20241116,c4,3,2,5,4,1,0
20241116,c5,2,1,3,3,0,0
20241116,c6,2,7,9,3,4,2
20241116,c7,2,2,4,2,1,1
20241117,c1,3,3,6,6,0,0
20241117,c2,1,15,16,5,2,9
20241117,c3,1,12,13,8,4,1
20241117,c4,1,13,14,6,5,3
20241117,c5,3,19,22,6,15,1
20241117,c6,2,12,14,0,8,6
20241117,c7,1,14,15,9,6,0
20241118,c1,3,4,7,3,0,4
20241118,c2,1,3,4,3,1,0
20241118,c3,2,11,13,5,0,8
20241118,c4,3,3,6,2,0,4
20241118,c5,1,17,18,1,9,8
20241118,c6,2,12,14,11,0,3
20241118,c7,3,16,19,2,1,16
20241119,c1,1,4,5,4,0,1
20241119,c2,1,10,11,11,0,0
20241119,c3,2,20,22,8,4,10
20241119,c4,2,20,22,15,2,5
20241119,c5,3,12,15,4,0,11
20241119,c6,3,7,10,5,4,1
20241119,c7,1,4,5,1,1,3
20241120,c1,3,17,20,6,7,7
20241120,c2,2,19,21,7,3,11
20241120,c3,2,5,7,5,0,2
20241120,c4,2,16,18,15,2,1
20241120,c5,1,11,12,2,8,2
20241120,c6,1,2,3,2,0,1
20241120,c7,1,17,18,0,3,15
20241121,c1,1,8,9,4,1,4
20241121,c2,2,16,18,18,0,0
20241121,c3,3,7,10,1,2,7
20241121,c4,3,18,21,14,0,7
20241121,c5,2,1,3,0,1,2
20241121,c6,2,17,19,19,0,0
20241121,c7,3,7,10,8,2,0
20241122,c1,2,13,15,5,4,6
20241122,c2,3,17,20,5,6,9
20241122,c3,3,7,10,0,8,2
20241122,c4,1,18,19,5,12,2
20241122,c5,3,10,13,3,6,4
20241122,c6,2,6,8,5,1,2
20241122,c7,2,9,11,0,8,3
20241123,c1,2,7,9,4,3,2
20241123,c2,1,8,9,4,4,1
20241123,c3,2,9,11,9,2,0
20241123,c4,3,17,20,15,1,4
20241123,c5,3,20,23,20,3,0
20241123,c6,1,5,6,3,2,1
20241123,c7,1,16,17,1,1,15
20241124,c1,2,3,5,1,4,0
20241124,c2,2,11,13,11,2,0
20241124,c3,3,19,22,5,11,6
20241124,c4,3,16,19,18,0,1
20241124,c5,1,14,15,12,3,0
20241124,c6,1,20,21,3,13,5
20241124,c7,1,4,5,1,3,1
20241125,c1,3,13,16,4,0,12
20241125,c2,2,8,10,3,6,1
20241125,c3,2,8,10,4,3,3
20241125,c4,3,4,7,7,0,0
20241125,c5,1,14,15,9,3,3
20241125,c6,1,14,15,5,8,2
20241125,c7,2,2,4,2,0,2
20241126,c1,3,14,17,6,7,4
20241126,c2,1,17,18,6,9,3
20241126,c3,2,16,18,5,9,4
20241126,c4,2,15,17,3,1,13
20241126,c5,2,15,17,3,1,13
20241126,c6,3,3,6,5,0,1
20241126,c7,2,18,20,1,19,0
20241127,c1,2,4,6,2,3,1
20241127,c2,2,20,22,3,19,0
20241127,c3,3,1,4,4,0,0
20241127,c4,3,13,16,2,4,10
20241127,c5,2,18,20,19,1,0
20241127,c6,1,5,6,5,0,1
20241127,c7,3,16,19,1,13,5
20241128,c1,3,1,4,4,0,0
20241128,c2,3,4,7,7,0,0
20241128,c3,2,13,15,5,7,3
20241128,c4,2,7,9,9,0,0
20241128,c5,2,12,14,14,0,0
20241128,c6,1,15,16,10,1,5
20241128,c7,2,14,16,11,4,1
20241129,c1,1,12,13,0,7,6
20241129,c2,3,8,11,5,6,0
20241129,c3,1,10,11,4,7,0
20241129,c4,1,10,11,1,8,2
20241129,c5,1,7,8,4,0,4
20241129,c6,1,3,4,0,1,3
20241129,c7,1,12,13,2,9,2
20241130,c1,1,19,20,16,3,1
20241130,c2,3,20,23,20,3,0
20241130,c3,3,10,13,4,3,6
20241130,c4,1,12,13,13,0,0
20241130,c5,1,16,17,5,8,4
20241130,c6,2,4,6,2,0,4
20241130,c7,1,10,11,11,0,0
