logged_date,client
2023-01-01 22:02:42,c2
2023-01-01 11:12:30,c8
2023-01-01 19:51:04,c1
2023-01-01 13:14:03,c8
2023-01-01 07:22:05,c8
2023-01-01 04:18:16,c3
2023-01-01 15:34:21,c2
2023-01-01 03:39:28,c8
2023-01-01 16:36:06,c8
2023-01-01 17:20:26,c5
2023-01-02 19:32:25,c1
2023-01-02 19:00:44,c4
2023-01-02 00:10:41,c3
2023-01-02 19:40:40,c1
2023-01-03 23:49:34,c6
2023-01-03 22:18:32,c1
2023-01-03 18:13:56,c8
2023-01-03 21:49:49,c7
2023-01-03 17:09:54,c2
2023-01-03 00:31:36,c5
2023-01-03 00:12:33,c1
2023-01-04 23:36:08,c5
2023-01-04 06:41:07,c6
2023-01-04 12:11:58,c5
2023-01-04 08:56:35,c3
2023-01-04 23:56:34,c2
2023-01-04 23:18:34,c5
2023-01-05 00:38:02,c3
2023-01-05 19:49:42,c8
2023-01-05 05:08:13,c1
2023-01-05 18:25:50,c8
2023-01-05 21:27:16,c4
2023-01-05 13:03:33,c6
2023-01-05 23:52:26,c4
2023-01-06 10:56:23,c5
2023-01-07 10:59:05,c7
2023-01-07 13:28:00,c2
2023-01-07 07:58:51,c2
2023-01-07 07:46:11,c1
2023-01-08 04:25:47,c8
2023-01-09 10:07:23,c8
2023-01-10 00:46:06,c6
2023-01-10 21:35:09,c7
2023-01-10 05:28:55,c8
2023-01-10 07:51:50,c6
2023-01-11 14:43:43,c1
2023-01-11 20:44:21,c7
2023-01-11 11:50:22,c1
2023-01-12 03:19:30,c5
2023-01-12 07:10:11,c4
2023-01-12 20:48:45,c3
2023-01-12 05:43:18,c3
2023-01-12 00:11:55,c2
2023-01-12 20:35:02,c5
2023-01-12 01:47:13,c7
2023-01-12 11:35:36,c6
2023-01-12 20:12:38,c6
2023-01-13 08:46:38,c3
2023-01-13 08:05:17,c1
2023-01-13 20:08:42,c4
2023-01-13 15:19:47,c2
2023-01-13 11:38:24,c1
2023-01-13 03:39:42,c3
2023-01-14 13:05:45,c4
2023-01-15 03:42:36,c5
2023-01-15 19:55:37,c4
2023-01-15 06:41:16,c8
2023-01-15 22:38:35,c4
2023-01-15 09:09:35,c8
2023-01-15 16:20:14,c5
2023-01-15 17:19:27,c2
2023-01-16 14:00:07,c6
2023-01-16 11:48:46,c8
2023-01-16 18:53:31,c7
2023-01-16 12:11:26,c2
2023-01-16 23:14:16,c5
2023-01-17 17:41:40,c4
2023-01-17 05:36:31,c5
2023-01-17 05:09:42,c6
2023-01-17 21:10:56,c3
2023-01-17 22:48:25,c6
2023-01-17 07:52:10,c3
2023-01-17 20:33:56,c8
2023-01-17 13:06:33,c8
2023-01-17 04:48:30,c6
2023-01-17 05:44:50,c2
2023-01-18 23:27:11,c1
2023-01-18 04:47:36,c1
2023-01-18 00:01:39,c1
2023-01-18 22:10:12,c3
2023-01-18 01:37:40,c2
2023-01-18 19:44:16,c1
2023-01-18 00:51:51,c3
2023-01-18 06:12:47,c8
2023-01-18 18:05:42,c3
2023-01-19 18:37:59,c2
2023-01-19 16:04:12,c8
2023-01-20 05:17:53,c3
2023-01-21 02:39:43,c4
2023-01-21 06:10:07,c5
2023-01-21 23:06:55,c2
2023-01-21 04:47:06,c3
2023-01-21 05:05:37,c4
2023-01-22 08:21:02,c2
2023-01-22 20:09:00,c5
2023-01-23 06:27:53,c1
2023-01-23 01:56:20,c1
2023-01-23 22:37:15,c3
2023-01-23 18:44:28,c2
2023-01-23 13:27:16,c1
2023-01-24 22:50:49,c5
2023-01-24 09:35:01,c2
2023-01-24 23:51:14,c2
2023-01-24 10:38:19,c5
2023-01-24 14:34:48,c7
2023-01-25 05:31:05,c1
2023-01-25 19:00:01,c5
2023-01-25 02:11:57,c1
2023-01-25 23:59:10,c1
2023-01-25 13:44:13,c2
2023-01-26 17:51:26,c8
2023-01-26 18:43:20,c1
2023-01-26 15:51:12,c3
2023-01-26 05:33:24,c3
2023-01-26 02:24:55,c6
2023-01-26 02:49:06,c4
2023-01-27 07:12:31,c2
2023-01-27 21:27:14,c1
2023-01-27 00:03:22,c8
2023-01-27 10:40:23,c2
2023-01-27 19:20:59,c7
2023-01-27 00:56:35,c8
2023-01-27 00:50:06,c1
2023-01-27 16:32:47,c3
2023-01-27 09:21:46,c2
2023-01-27 12:41:45,c3
2023-01-28 09:47:17,c7
2023-01-29 13:33:58,c7
2023-01-29 13:33:21,c6
2023-01-29 22:12:41,c8
2023-01-30 16:16:33,c3
2023-01-30 15:51:05,c3
2023-01-30 04:00:31,c2
2023-01-30 00:55:47,c4
2023-01-30 19:17:44,c7
2023-01-30 02:12:35,c4
2023-01-30 20:48:10,c3
2023-01-30 12:31:31,c7
2023-01-30 00:29:36,c1
2023-01-30 04:24:14,c3
2023-01-31 08:55:57,c8
2023-01-31 00:49:46,c8
2023-01-31 18:01:49,c7
2023-01-31 21:11:52,c1
2023-01-31 18:41:49,c1
2023-01-31 07:24:18,c6
2023-01-31 10:42:49,c6
2023-02-01 10:18:15,c5
2023-02-01 17:29:05,c4
2023-02-01 14:25:56,c5
2023-02-01 03:26:39,c7
2023-02-02 18:28:32,c4
2023-02-02 06:08:51,c8
2023-02-02 06:36:03,c6
2023-02-02 23:42:44,c7
2023-02-02 10:20:08,c4
2023-02-03 13:29:40,c3
2023-02-03 12:26:39,c6
2023-02-03 19:04:45,c7
2023-02-03 10:39:05,c6
2023-02-04 08:24:05,c4
2023-02-04 02:55:24,c6
2023-02-04 06:10:30,c6
2023-02-05 10:36:01,c3
2023-02-05 08:25:34,c3
2023-02-05 05:56:07,c6
2023-02-05 01:31:42,c4
2023-02-05 01:53:42,c4
2023-02-05 07:39:17,c4
2023-02-05 07:21:11,c1
2023-02-05 00:09:14,c4
2023-02-05 14:38:46,c5
2023-02-05 17:20:36,c3
2023-02-06 01:06:45,c3
2023-02-06 17:44:33,c1
2023-02-06 06:12:54,c4
2023-02-06 14:13:07,c5
2023-02-06 10:51:00,c5
2023-02-06 18:42:58,c2
2023-02-06 15:02:33,c7
2023-02-07 23:42:30,c2
2023-02-07 17:50:50,c6
2023-02-07 13:06:45,c6
2023-02-07 16:52:44,c8
2023-02-07 10:43:54,c3
2023-02-07 12:52:17,c6
2023-02-07 15:57:59,c4
2023-02-07 13:00:20,c1
2023-02-07 16:25:41,c7
2023-02-08 04:09:37,c7
2023-02-08 07:35:40,c4
2023-02-08 07:06:48,c3
2023-02-08 01:46:00,c1
2023-02-08 00:13:59,c6
2023-02-08 16:41:46,c4
2023-02-09 20:53:11,c3
2023-02-09 08:41:35,c7
2023-02-09 19:42:55,c6
2023-02-09 09:31:44,c1
2023-02-09 05:47:22,c2
2023-02-09 14:00:35,c7
2023-02-10 15:54:02,c3
2023-02-10 18:04:29,c7
2023-02-10 21:32:53,c5
2023-02-10 17:10:47,c1
2023-02-10 11:07:10,c3
2023-02-10 03:21:05,c7
2023-02-10 07:38:33,c5
2023-02-11 19:26:03,c2
2023-02-11 10:27:23,c4
2023-02-11 19:26:33,c1
2023-02-11 10:05:43,c7
2023-02-12 20:25:50,c1
2023-02-12 17:46:30,c5
2023-02-12 06:05:04,c5
2023-02-12 02:25:06,c8
2023-02-13 04:53:53,c5
2023-02-13 12:59:33,c6
2023-02-13 19:01:54,c7
2023-02-13 23:09:42,c2
2023-02-13 13:23:18,c5
2023-02-13 19:09:49,c1
2023-02-13 05:58:44,c2
2023-02-14 00:37:00,c8
2023-02-14 23:44:59,c6
2023-02-14 10:14:32,c7
2023-02-15 00:24:09,c5
2023-02-15 16:57:39,c5
2023-02-15 05:43:15,c3
2023-02-15 02:47:22,c7
2023-02-15 01:02:52,c7
2023-02-16 16:08:57,c1
2023-02-16 09:19:02,c1
2023-02-16 15:54:44,c6
2023-02-16 12:42:14,c3
2023-02-16 20:10:38,c8
2023-02-17 02:24:02,c1
2023-02-17 15:30:11,c3
2023-02-18 16:17:39,c6
2023-02-18 15:56:59,c3
2023-02-18 14:14:10,c7
2023-02-19 22:57:50,c2
2023-02-19 14:01:50,c7
2023-02-19 00:54:21,c2
2023-02-19 21:02:23,c7
2023-02-19 10:10:43,c2
2023-02-19 15:07:39,c7
2023-02-19 23:32:50,c8
2023-02-19 07:26:53,c6
2023-02-19 23:48:27,c7
2023-02-19 23:36:27,c5
2023-02-20 01:35:28,c2
2023-02-21 09:36:41,c7
2023-02-21 18:16:30,c8
2023-02-21 04:19:05,c2
2023-02-21 22:50:28,c2
2023-02-21 16:40:27,c6
2023-02-21 21:51:11,c1
2023-02-21 16:22:27,c8
2023-02-21 19:39:03,c8
2023-02-21 05:06:39,c3
2023-02-21 00:19:34,c7
2023-02-22 22:58:40,c7
2023-02-22 17:50:13,c2
2023-02-22 21:55:13,c7
2023-02-22 00:57:11,c6
2023-02-22 09:02:47,c2
2023-02-23 17:26:45,c8
2023-02-23 15:46:46,c2
2023-02-23 14:31:00,c1
2023-02-24 21:26:36,c2
2023-02-24 02:09:49,c1
2023-02-25 17:48:28,c7
2023-02-25 01:15:22,c2
2023-02-25 06:38:26,c4
2023-02-25 02:08:04,c2
2023-02-25 20:03:10,c3
2023-02-25 05:42:31,c5
2023-02-26 05:33:55,c3
2023-02-26 01:43:34,c7
2023-02-26 19:12:13,c3
2023-02-26 18:26:16,c2
2023-02-26 01:29:42,c8
2023-02-26 02:54:58,c5
2023-02-26 01:35:36,c3
2023-02-26 20:49:38,c4
2023-02-26 13:17:21,c5
2023-02-27 11:18:43,c8
2023-02-27 04:29:43,c2
2023-02-27 23:05:18,c6
2023-02-27 07:53:55,c6
2023-02-27 04:08:55,c4
2023-02-27 09:36:46,c5
2023-02-27 23:03:12,c5
2023-02-27 04:16:49,c8
2023-02-28 23:47:36,c6
2023-02-28 08:11:31,c5
2023-02-28 03:25:32,c2
2023-02-28 19:15:53,c5
2023-02-28 06:11:25,c5
2023-02-28 06:47:21,c4
2023-02-28 04:08:57,c2
2023-02-28 07:18:17,c7
2023-02-28 05:12:03,c7
2023-03-01 23:38:39,c4
2023-03-01 07:34:04,c6
2023-03-01 17:20:38,c5
2023-03-01 01:46:35,c6
2023-03-01 14:36:59,c7
2023-03-01 18:03:50,c7
2023-03-02 02:30:10,c8
2023-03-02 11:30:03,c3
2023-03-02 21:03:38,c7
2023-03-03 18:18:12,c4
2023-03-03 08:33:28,c2
2023-03-03 09:01:16,c6
2023-03-03 16:26:37,c6
2023-03-03 07:55:33,c8
2023-03-03 17:35:26,c8
2023-03-03 03:50:25,c3
2023-03-03 16:04:05,c6
2023-03-04 21:55:23,c3
2023-03-04 07:47:51,c2
2023-03-04 18:42:25,c1
2023-03-04 20:57:29,c5
2023-03-04 00:54:45,c7
2023-03-04 16:37:00,c4
2023-03-04 13:39:01,c8
2023-03-04 02:39:04,c7
2023-03-04 19:02:06,c4
2023-03-05 07:40:19,c8
2023-03-05 07:36:05,c7
2023-03-05 15:22:21,c4
2023-03-05 06:31:25,c3
2023-03-05 20:59:26,c7
2023-03-05 01:35:12,c8
2023-03-05 19:21:31,c3
2023-03-05 22:13:35,c3
2023-03-05 06:14:36,c5
2023-03-06 21:01:09,c8
2023-03-06 02:54:42,c2
2023-03-06 11:36:22,c5
2023-03-06 15:08:39,c2
2023-03-06 04:26:23,c6
2023-03-06 05:55:52,c5
2023-03-06 10:47:04,c4
2023-03-06 11:18:34,c1
2023-03-07 17:30:28,c3
2023-03-07 17:29:21,c6
2023-03-07 07:36:21,c2
2023-03-07 21:39:21,c3
2023-03-07 01:44:00,c7
2023-03-08 06:35:15,c1
2023-03-09 03:58:12,c7
2023-03-09 12:00:47,c8
2023-03-09 15:32:47,c6
2023-03-09 10:01:41,c8
2023-03-10 20:11:07,c2
2023-03-10 23:34:25,c8
2023-03-10 17:39:04,c5
2023-03-11 05:56:08,c6
2023-03-11 11:35:07,c8
2023-03-11 22:55:07,c1
2023-03-11 21:21:05,c3
2023-03-11 15:08:35,c2
2023-03-11 23:36:54,c6
2023-03-11 19:31:49,c3
2023-03-11 04:02:14,c5
2023-03-12 14:19:00,c4
2023-03-12 08:58:11,c6
2023-03-12 21:43:21,c5
2023-03-12 13:32:18,c6
2023-03-12 09:04:12,c1
2023-03-12 01:51:11,c2
2023-03-12 00:55:53,c6
2023-03-12 09:47:57,c7
2023-03-13 13:16:08,c8
2023-03-13 16:13:18,c4
2023-03-13 14:25:48,c7
2023-03-13 03:07:33,c5
2023-03-13 12:46:26,c5
2023-03-13 09:28:18,c2
2023-03-13 14:44:11,c1
2023-03-13 19:06:58,c2
2023-03-14 20:26:13,c7
2023-03-14 19:19:43,c2
2023-03-14 13:20:56,c4
2023-03-14 06:18:18,c7
2023-03-14 00:04:28,c5
2023-03-14 12:30:49,c3
2023-03-15 14:04:20,c3
2023-03-15 22:56:05,c6
2023-03-15 15:00:14,c7
2023-03-15 10:04:22,c8
2023-03-15 11:47:38,c8
2023-03-15 10:25:23,c6
2023-03-15 08:55:44,c7
2023-03-15 01:13:51,c4
2023-03-16 13:13:53,c5
2023-03-16 18:51:56,c6
2023-03-16 07:45:34,c2
2023-03-16 14:53:08,c6
2023-03-16 01:20:33,c5
2023-03-17 14:33:48,c1
2023-03-17 04:54:13,c4
2023-03-17 21:52:19,c1
2023-03-17 08:27:55,c5
2023-03-18 10:32:26,c8
2023-03-18 20:05:50,c5
2023-03-19 08:40:48,c7
2023-03-19 13:25:08,c3
2023-03-19 16:10:35,c1
2023-03-19 23:22:47,c6
2023-03-20 00:45:10,c2
2023-03-20 00:14:40,c1
2023-03-20 21:18:21,c4
2023-03-20 04:51:04,c7
2023-03-20 21:53:31,c5
2023-03-20 20:41:30,c1
2023-03-20 15:08:02,c6
2023-03-20 02:11:27,c5
2023-03-21 05:25:23,c7
2023-03-21 01:34:55,c6
2023-03-21 13:54:27,c1
2023-03-21 16:54:21,c3
2023-03-21 16:54:57,c7
2023-03-21 06:11:04,c7
2023-03-22 16:17:08,c3
2023-03-23 00:47:53,c3
2023-03-24 00:44:31,c1
2023-03-24 04:57:59,c5
2023-03-24 13:45:36,c1
2023-03-24 17:58:26,c6
2023-03-24 05:48:58,c3
2023-03-25 06:46:53,c7
2023-03-25 02:00:08,c1
2023-03-25 07:53:58,c2
2023-03-25 07:47:41,c6
2023-03-25 09:36:17,c8
2023-03-25 14:32:18,c7
2023-03-25 02:16:35,c7
2023-03-25 19:31:47,c4
2023-03-25 11:47:41,c4
2023-03-26 05:16:13,c7
2023-03-26 05:24:11,c3
2023-03-26 15:42:38,c4
2023-03-26 03:27:27,c2
2023-03-26 03:46:50,c1
2023-03-27 15:11:01,c6
2023-03-28 01:15:03,c7
2023-03-28 12:02:51,c5
2023-03-28 13:06:53,c8
2023-03-29 20:43:42,c1
2023-03-29 06:11:41,c2
2023-03-29 15:59:05,c2
2023-03-29 22:38:23,c1
2023-03-29 04:06:49,c4
2023-03-29 16:21:20,c5
2023-03-29 20:53:09,c1
2023-03-29 15:23:12,c1
2023-03-30 13:54:22,c3
2023-03-30 16:41:02,c7
2023-03-30 11:27:11,c4
2023-03-30 18:49:07,c5
2023-03-30 23:46:17,c6
2023-03-30 14:55:39,c4
2023-03-30 05:49:36,c7
2023-03-31 20:16:11,c7
2023-03-31 19:17:48,c5
2023-03-31 11:56:54,c3
2023-03-31 13:32:58,c3
2023-03-31 12:59:34,c2
2023-03-31 07:31:10,c5
2023-03-31 23:37:46,c7
2023-03-31 11:59:49,c2
2023-03-31 15:54:40,c5
2023-03-31 01:44:38,c2
2023-04-01 06:43:02,c5
2023-04-01 07:51:45,c6
2023-04-01 13:56:19,c6
2023-04-01 09:58:47,c1
2023-04-01 00:31:56,c6
2023-04-02 03:43:22,c2
2023-04-02 16:01:32,c4
2023-04-02 04:04:18,c4
2023-04-02 02:52:35,c3
2023-04-02 11:15:59,c8
2023-04-02 02:29:59,c3
2023-04-02 05:13:52,c5
2023-04-02 18:43:42,c4
2023-04-02 21:27:08,c3
2023-04-02 02:05:33,c2
2023-04-03 23:11:17,c6
2023-04-03 07:10:37,c7
2023-04-04 15:39:17,c7
2023-04-04 17:57:08,c8
2023-04-04 11:38:52,c8
2023-04-04 01:20:58,c4
2023-04-04 13:11:22,c5
2023-04-04 10:07:04,c1
2023-04-04 00:03:36,c7
2023-04-04 17:09:52,c8
2023-04-04 08:14:05,c5
2023-04-05 03:47:22,c2
2023-04-06 02:01:22,c8
2023-04-06 10:13:45,c1
2023-04-06 04:48:36,c2
2023-04-06 01:40:08,c2
2023-04-06 07:23:51,c5
2023-04-06 07:13:17,c6
2023-04-06 03:36:56,c1
2023-04-07 02:12:58,c1
2023-04-07 11:27:58,c4
2023-04-07 22:16:32,c5
2023-04-08 13:34:04,c5
2023-04-08 10:37:15,c5
2023-04-08 12:52:29,c4
2023-04-08 11:31:14,c6
2023-04-08 15:39:48,c6
2023-04-08 17:48:57,c8
2023-04-08 15:24:30,c4
2023-04-08 02:37:20,c3
2023-04-09 23:58:36,c2
2023-04-09 17:07:33,c7
2023-04-10 13:11:49,c4
2023-04-10 00:56:50,c6
2023-04-10 03:07:19,c4
2023-04-10 04:05:33,c1
2023-04-10 09:08:25,c2
2023-04-11 02:54:24,c7
2023-04-11 04:45:25,c4
2023-04-11 17:02:07,c5
2023-04-11 11:51:30,c1
2023-04-11 21:11:01,c2
2023-04-11 09:04:22,c2
2023-04-11 00:42:37,c2
2023-04-11 19:40:21,c3
2023-04-12 01:45:09,c3
2023-04-12 12:25:37,c1
2023-04-12 10:09:21,c1
2023-04-12 18:23:06,c6
2023-04-12 00:03:27,c7
2023-04-12 20:20:11,c5
2023-04-12 09:18:09,c3
2023-04-12 14:43:25,c1
2023-04-13 23:46:58,c4
2023-04-13 10:13:39,c8
2023-04-13 18:43:59,c6
2023-04-13 11:16:29,c1
2023-04-13 10:06:25,c7
2023-04-14 00:31:59,c7
2023-04-14 01:41:20,c1
2023-04-14 03:24:17,c1
2023-04-14 18:00:57,c5
2023-04-14 01:11:53,c2
2023-04-15 00:38:15,c6
2023-04-15 11:42:02,c8
2023-04-15 21:33:14,c2
2023-04-15 09:51:30,c4
2023-04-15 13:43:46,c1
2023-04-16 06:17:56,c4
2023-04-16 23:12:43,c3
2023-04-16 22:35:38,c3
2023-04-16 02:06:29,c4
2023-04-16 10:26:40,c2
2023-04-17 02:06:28,c7
2023-04-18 14:35:57,c2
2023-04-18 22:32:37,c4
2023-04-18 14:44:06,c8
2023-04-18 17:32:47,c3
2023-04-18 12:28:55,c5
2023-04-18 00:39:16,c2
2023-04-18 09:43:29,c7
2023-04-18 09:18:25,c6
2023-04-18 12:24:09,c8
2023-04-19 01:26:22,c8
2023-04-19 07:59:33,c3
2023-04-19 02:32:00,c1
2023-04-19 07:09:37,c2
2023-04-19 20:34:25,c8
2023-04-20 09:38:10,c7
2023-04-20 19:35:57,c1
2023-04-20 08:57:45,c1
2023-04-20 19:42:16,c4
2023-04-21 17:10:26,c3
2023-04-21 11:23:13,c4
2023-04-21 07:25:32,c4
2023-04-21 02:19:59,c5
2023-04-21 06:41:43,c6
2023-04-21 02:33:56,c4
2023-04-22 20:44:18,c6
2023-04-22 11:33:10,c4
2023-04-22 11:45:14,c5
2023-04-23 16:16:11,c3
2023-04-23 04:08:50,c6
2023-04-23 17:53:56,c4
2023-04-23 19:16:15,c6
2023-04-23 10:41:22,c2
2023-04-23 17:46:06,c6
2023-04-23 22:52:19,c8
2023-04-23 09:05:08,c8
2023-04-23 05:04:13,c5
2023-04-24 03:39:25,c3
2023-04-24 08:50:34,c7
2023-04-25 06:11:00,c2
2023-04-25 22:28:37,c8
2023-04-25 00:35:50,c6
2023-04-25 03:41:35,c3
2023-04-25 02:02:50,c4
2023-04-25 02:45:31,c1
2023-04-25 05:25:44,c4
2023-04-25 01:17:17,c6
2023-04-25 17:31:59,c6
2023-04-26 02:06:14,c1
2023-04-26 01:42:17,c1
2023-04-26 22:00:08,c6
2023-04-26 22:09:01,c5
2023-04-26 22:26:21,c3
2023-04-26 07:06:18,c7
2023-04-26 08:25:54,c5
2023-04-26 19:38:22,c5
2023-04-26 11:05:10,c1
2023-04-27 12:04:38,c4
2023-04-27 07:38:36,c7
2023-04-27 01:04:08,c3
2023-04-27 07:59:57,c5
2023-04-27 07:20:50,c5
2023-04-27 12:37:17,c1
2023-04-27 04:35:56,c5
2023-04-27 15:09:03,c5
2023-04-27 01:14:30,c5
2023-04-28 01:14:33,c2
2023-04-28 15:33:59,c2
2023-04-28 21:42:41,c7
2023-04-28 20:06:08,c7
2023-04-28 18:37:22,c3
2023-04-28 18:28:15,c4
2023-04-29 17:16:44,c3
2023-04-30 19:08:23,c5
2023-04-30 03:05:50,c5
2023-04-30 15:55:31,c6
2023-04-30 20:00:44,c2
2023-04-30 00:13:01,c6
2023-05-01 06:19:15,c6
2023-05-01 15:34:50,c5
2023-05-01 12:33:36,c7
2023-05-01 18:58:25,c1
2023-05-01 03:17:17,c1
2023-05-01 18:06:34,c3
2023-05-01 22:58:18,c6
2023-05-02 21:09:52,c3
2023-05-03 14:43:50,c8
2023-05-03 16:38:36,c1
2023-05-03 23:02:38,c2
2023-05-03 20:03:53,c3
2023-05-04 20:50:12,c4
2023-05-04 20:16:15,c3
2023-05-04 10:30:08,c2
2023-05-04 19:25:43,c2
2023-05-04 06:53:09,c3
2023-05-04 21:03:57,c2
2023-05-04 14:44:07,c5
2023-05-05 07:33:50,c4
2023-05-05 14:18:20,c7
2023-05-05 06:37:19,c8
2023-05-05 20:13:31,c7
2023-05-05 20:26:35,c3
2023-05-05 22:30:37,c5
2023-05-05 21:51:58,c3
2023-05-06 17:46:07,c5
2023-05-06 01:58:43,c4
2023-05-06 01:20:12,c1
2023-05-06 13:54:40,c1
2023-05-07 15:33:45,c2
2023-05-07 03:45:07,c1
2023-05-07 19:50:41,c2
2023-05-07 23:49:31,c2
2023-05-07 10:06:47,c5
2023-05-07 05:22:05,c7
2023-05-08 12:25:30,c3
2023-05-08 06:19:30,c3
2023-05-08 11:19:35,c8
2023-05-08 06:56:03,c3
2023-05-08 08:58:43,c6
2023-05-08 16:17:22,c5
2023-05-08 08:45:57,c8
2023-05-08 17:02:25,c3
2023-05-08 01:22:32,c3
2023-05-09 17:51:25,c7
2023-05-09 18:44:43,c4
2023-05-09 02:38:05,c8
2023-05-09 03:06:31,c4
2023-05-09 07:48:53,c2
2023-05-09 06:56:01,c3
2023-05-09 11:07:50,c5
2023-05-09 07:49:50,c3
2023-05-09 17:38:17,c4
2023-05-09 14:46:06,c8
2023-05-10 12:19:55,c4
2023-05-10 18:21:34,c3
2023-05-11 12:49:32,c4
2023-05-11 05:07:20,c1
2023-05-11 22:26:10,c3
2023-05-11 19:51:38,c4
2023-05-12 10:00:10,c3
2023-05-13 07:57:14,c3
2023-05-13 23:09:52,c3
2023-05-14 22:02:32,c7
2023-05-14 02:04:58,c6
2023-05-14 10:26:22,c5
2023-05-14 21:09:44,c3
2023-05-14 04:22:19,c4
2023-05-14 15:00:21,c1
2023-05-14 08:08:38,c3
2023-05-14 13:25:20,c1
2023-05-14 09:07:30,c6
2023-05-15 00:40:21,c7
2023-05-15 16:52:30,c1
2023-05-15 18:12:19,c7
2023-05-15 17:11:42,c6
2023-05-15 13:19:41,c7
2023-05-15 15:20:38,c1
2023-05-15 02:30:37,c4
2023-05-15 06:21:02,c3
2023-05-15 20:16:05,c1
2023-05-16 16:40:46,c2
2023-05-16 22:49:18,c1
2023-05-16 10:15:04,c7
2023-05-16 10:56:00,c3
2023-05-16 21:54:38,c5
2023-05-16 13:47:14,c5
2023-05-17 20:56:26,c5
2023-05-17 10:53:20,c3
2023-05-17 14:10:22,c7
2023-05-17 11:07:22,c1
2023-05-17 02:33:15,c5
2023-05-17 10:23:13,c7
2023-05-17 08:11:19,c6
2023-05-18 02:46:39,c7
2023-05-19 16:41:34,c8
2023-05-20 07:57:42,c4
2023-05-20 16:03:37,c2
2023-05-21 17:55:01,c6
2023-05-21 11:42:35,c2
2023-05-21 21:16:30,c8
2023-05-21 08:35:59,c2
2023-05-21 01:45:39,c2
2023-05-21 16:41:53,c6
2023-05-21 22:30:12,c2
2023-05-21 11:00:40,c2
2023-05-22 19:02:51,c6
2023-05-22 16:37:29,c7
2023-05-22 10:51:24,c6
2023-05-22 10:37:45,c5
2023-05-22 17:20:33,c6
2023-05-22 23:49:40,c7
2023-05-23 10:19:09,c3
2023-05-23 15:42:37,c1
2023-05-23 13:17:38,c8
2023-05-23 06:00:17,c1
2023-05-23 07:54:35,c4
2023-05-23 07:15:02,c4
2023-05-23 11:29:10,c2
2023-05-23 11:10:37,c5
2023-05-24 13:03:42,c5
2023-05-24 12:28:42,c6
2023-05-24 06:15:48,c2
2023-05-24 19:12:54,c7
2023-05-24 21:38:15,c1
2023-05-24 01:42:16,c1
2023-05-24 03:06:20,c6
2023-05-24 12:17:55,c2
2023-05-24 12:23:21,c1
2023-05-25 04:34:59,c4
2023-05-25 00:12:04,c3
2023-05-25 22:45:18,c2
2023-05-25 11:18:03,c6
2023-05-25 00:39:06,c1
2023-05-25 10:46:43,c4
2023-05-26 11:30:51,c6
2023-05-26 04:22:12,c8
2023-05-26 00:55:29,c8
2023-05-26 06:52:44,c8
2023-05-26 12:13:41,c3
2023-05-27 10:21:28,c1
2023-05-27 10:52:41,c2
2023-05-27 01:18:13,c6
2023-05-27 06:55:55,c2
2023-05-28 22:55:26,c2
2023-05-28 21:54:42,c1
2023-05-28 16:15:53,c5
2023-05-28 18:32:43,c2
2023-05-29 20:46:46,c2
2023-05-29 00:44:05,c6
2023-05-29 04:25:33,c8
2023-05-29 23:27:38,c1
2023-05-30 13:35:17,c7
2023-05-30 13:42:49,c2
2023-05-30 04:06:25,c3
2023-05-30 22:05:13,c6
2023-05-30 09:31:32,c1
2023-05-30 18:44:45,c7
2023-05-30 04:21:31,c1
2023-05-30 06:26:58,c2
2023-05-31 11:58:52,c4
2023-05-31 10:38:37,c5
2023-05-31 08:32:00,c3
2023-05-31 10:55:29,c4
2023-05-31 07:33:51,c3
2023-05-31 20:12:40,c5
2023-06-01 11:05:17,c3
2023-06-01 18:09:02,c4
2023-06-01 23:15:29,c3
2023-06-01 19:36:36,c3
2023-06-02 15:29:57,c7
2023-06-02 02:10:28,c3
2023-06-02 12:32:12,c5
2023-06-02 14:13:23,c1
2023-06-02 07:11:19,c8
2023-06-02 20:39:21,c6
2023-06-02 17:34:13,c8
2023-06-02 04:24:02,c3
2023-06-02 00:23:44,c2
2023-06-02 09:22:03,c1
2023-06-03 16:01:40,c8
2023-06-03 18:57:48,c7
2023-06-03 02:04:03,c7
2023-06-03 07:41:19,c7
2023-06-03 09:41:59,c1
2023-06-03 22:20:10,c7
2023-06-03 16:57:52,c3
2023-06-04 23:31:14,c3
2023-06-04 06:11:46,c4
2023-06-04 10:24:11,c3
2023-06-05 05:14:39,c8
2023-06-05 17:52:59,c3
2023-06-05 05:04:59,c4
2023-06-06 02:24:06,c2
2023-06-06 22:04:20,c5
2023-06-06 20:53:36,c7
2023-06-06 13:15:41,c3
2023-06-06 16:39:16,c3
2023-06-06 10:46:27,c5
2023-06-07 22:29:53,c2
2023-06-07 23:07:32,c7
2023-06-07 11:11:49,c4
2023-06-07 17:30:43,c5
2023-06-08 12:11:52,c5
2023-06-08 13:45:30,c7
2023-06-09 16:57:20,c4
2023-06-09 20:14:40,c1
2023-06-09 17:20:53,c2
2023-06-09 03:28:37,c3
2023-06-09 15:32:57,c1
2023-06-09 00:07:24,c2
2023-06-09 19:25:46,c1
2023-06-09 07:31:27,c4
2023-06-09 12:00:07,c5
2023-06-09 12:43:49,c8
2023-06-10 09:24:44,c4
2023-06-10 22:24:34,c8
2023-06-10 15:58:57,c2
2023-06-10 10:36:09,c7
2023-06-11 02:13:45,c4
2023-06-11 07:53:13,c7
2023-06-11 11:53:42,c3
2023-06-11 01:08:37,c4
2023-06-11 01:28:47,c3
2023-06-11 23:27:55,c6
2023-06-11 05:18:21,c4
2023-06-11 04:54:20,c7
2023-06-11 05:31:00,c7
2023-06-12 23:19:56,c5
2023-06-12 04:44:17,c3
2023-06-12 06:51:04,c8
2023-06-12 20:29:35,c8
2023-06-12 07:15:34,c4
2023-06-12 02:54:22,c2
2023-06-13 19:27:00,c3
2023-06-13 09:33:21,c6
2023-06-13 02:51:11,c8
2023-06-13 12:13:22,c8
2023-06-13 00:31:06,c2
2023-06-13 10:20:52,c6
2023-06-13 02:19:22,c2
2023-06-14 10:40:37,c6
2023-06-14 07:59:48,c3
2023-06-14 22:51:25,c3
2023-06-14 21:30:44,c6
2023-06-14 09:52:01,c5
2023-06-14 07:40:02,c3
2023-06-15 21:16:43,c4
2023-06-15 14:23:42,c6
2023-06-16 02:07:04,c8
2023-06-16 03:01:58,c5
2023-06-17 19:33:57,c6
2023-06-17 16:30:51,c7
2023-06-17 17:27:37,c8
2023-06-18 01:39:10,c5
2023-06-18 06:00:31,c5
2023-06-18 22:42:28,c4
2023-06-18 20:47:31,c4
2023-06-18 14:54:52,c5
2023-06-18 20:02:25,c7
2023-06-18 04:10:13,c4
2023-06-18 13:34:25,c7
2023-06-19 03:09:00,c5
2023-06-19 06:28:19,c5
2023-06-19 02:46:51,c8
2023-06-19 04:11:26,c2
2023-06-19 12:05:32,c3
2023-06-19 17:41:36,c4
2023-06-19 09:06:01,c1
2023-06-19 09:09:51,c3
2023-06-19 11:14:32,c5
2023-06-19 19:39:27,c8
2023-06-20 02:44:50,c6
2023-06-20 08:42:36,c1
2023-06-20 04:32:37,c6
2023-06-20 13:42:59,c6
2023-06-20 14:24:09,c7
2023-06-20 12:26:02,c1
2023-06-20 17:25:03,c6
2023-06-20 07:45:04,c7
2023-06-20 04:32:21,c6
2023-06-21 11:27:12,c2
2023-06-21 18:00:17,c5
2023-06-21 03:03:05,c5
2023-06-21 13:15:01,c1
2023-06-21 05:00:17,c4
2023-06-21 12:04:40,c5
2023-06-21 19:31:02,c4
2023-06-21 17:04:59,c6
2023-06-22 18:12:43,c8
2023-06-22 01:19:43,c4
2023-06-22 15:03:30,c1
2023-06-22 17:39:05,c6
2023-06-22 02:52:02,c8
2023-06-23 17:37:37,c3
2023-06-23 15:36:50,c1
2023-06-24 15:59:00,c6
2023-06-24 04:13:29,c4
2023-06-24 19:50:22,c7
2023-06-24 20:58:19,c8
2023-06-24 18:12:38,c2
2023-06-24 23:20:46,c6
2023-06-24 05:08:35,c7
2023-06-25 03:56:39,c5
2023-06-25 01:43:08,c4
2023-06-25 11:39:16,c6
2023-06-25 15:57:03,c2
2023-06-25 03:26:21,c8
2023-06-25 01:46:51,c5
2023-06-25 22:05:36,c2
2023-06-25 11:52:39,c6
2023-06-25 16:22:44,c7
2023-06-25 10:40:21,c1
2023-06-26 16:58:26,c6
2023-06-26 20:03:10,c8
2023-06-27 02:05:59,c2
2023-06-28 01:39:33,c7
2023-06-28 09:10:54,c5
2023-06-28 11:40:44,c2
2023-06-28 05:07:51,c5
2023-06-28 05:56:38,c8
2023-06-28 12:13:36,c3
2023-06-28 00:06:24,c4
2023-06-28 14:39:32,c6
2023-06-28 01:13:34,c5
2023-06-28 03:20:56,c6
2023-06-29 12:41:35,c2
2023-06-29 21:31:40,c7
2023-06-29 09:25:23,c6
2023-06-29 07:14:52,c2
2023-06-30 17:29:32,c2
2023-06-30 18:53:49,c4
2023-06-30 12:11:15,c4
2023-06-30 18:45:47,c2
2023-07-01 09:19:55,c6
2023-07-01 20:34:20,c5
2023-07-01 12:04:52,c7
2023-07-01 17:53:15,c8
2023-07-02 08:40:00,c1
2023-07-02 18:09:15,c8
2023-07-02 22:50:24,c8
2023-07-02 09:12:56,c7
2023-07-02 16:11:14,c7
2023-07-02 16:34:08,c4
2023-07-03 05:05:51,c1
2023-07-03 08:17:16,c3
2023-07-04 03:20:21,c5
2023-07-04 07:08:34,c5
2023-07-04 18:44:08,c3
2023-07-04 06:08:03,c2
2023-07-04 17:11:47,c5
2023-07-04 01:32:31,c8
2023-07-04 15:36:26,c6
2023-07-04 23:24:02,c3
2023-07-04 22:29:10,c3
2023-07-05 22:41:48,c1
2023-07-05 15:12:26,c4
2023-07-06 04:39:25,c6
2023-07-06 05:17:13,c6
2023-07-06 11:34:28,c1
2023-07-06 14:13:05,c6
2023-07-06 23:29:50,c4
2023-07-06 10:41:13,c2
2023-07-06 08:55:31,c1
2023-07-06 05:09:13,c6
2023-07-06 03:25:58,c2
2023-07-07 02:22:42,c2
2023-07-07 04:34:51,c6
2023-07-08 20:07:36,c3
2023-07-08 20:49:58,c5
2023-07-09 02:33:55,c7
2023-07-09 09:04:57,c5
2023-07-09 16:13:56,c5
2023-07-09 03:55:32,c1
2023-07-09 16:11:56,c2
2023-07-09 09:14:00,c1
2023-07-10 14:30:55,c5
2023-07-10 03:54:35,c1
2023-07-10 12:17:20,c7
2023-07-10 15:21:19,c2
2023-07-10 21:59:44,c7
2023-07-10 11:17:11,c6
2023-07-10 03:52:54,c2
2023-07-10 18:31:53,c5
2023-07-10 21:32:17,c6
2023-07-10 14:37:08,c6
2023-07-11 15:34:39,c3
2023-07-11 05:20:52,c2
2023-07-11 01:17:25,c7
2023-07-11 01:14:59,c7
2023-07-11 01:25:37,c1
2023-07-11 08:03:36,c6
2023-07-11 10:22:14,c8
2023-07-12 00:11:59,c5
2023-07-12 13:15:49,c2
2023-07-12 05:03:49,c1
2023-07-12 21:42:23,c8
2023-07-12 22:40:32,c5
2023-07-12 14:04:07,c3
2023-07-12 00:19:07,c7
2023-07-12 18:03:30,c1
2023-07-12 09:47:07,c8
2023-07-13 12:56:23,c2
2023-07-13 22:34:44,c2
2023-07-14 01:08:57,c4
2023-07-15 23:42:22,c1
2023-07-15 23:13:34,c4
2023-07-16 10:17:21,c2
2023-07-16 01:44:31,c8
2023-07-16 10:22:08,c3
2023-07-16 10:31:40,c2
2023-07-16 09:16:12,c5
2023-07-16 01:01:52,c2
2023-07-16 08:15:40,c6
2023-07-16 10:22:20,c6
2023-07-16 16:22:45,c4
2023-07-17 00:47:14,c6
2023-07-18 15:49:30,c7
2023-07-18 20:27:31,c2
2023-07-18 15:08:16,c6
2023-07-18 18:11:34,c2
2023-07-18 23:56:15,c4
2023-07-19 08:13:10,c3
2023-07-19 10:04:07,c3
2023-07-19 20:46:48,c7
2023-07-19 22:55:49,c8
2023-07-19 19:02:39,c5
2023-07-19 10:12:10,c1
2023-07-19 21:23:48,c2
2023-07-19 05:37:56,c2
2023-07-19 13:09:29,c6
2023-07-19 15:52:44,c6
2023-07-20 13:13:51,c4
2023-07-20 14:55:27,c3
2023-07-20 21:06:45,c1
2023-07-20 04:23:55,c8
2023-07-20 17:21:17,c1
2023-07-21 01:22:41,c3
2023-07-21 13:09:54,c8
2023-07-21 11:00:52,c7
2023-07-21 15:36:54,c4
2023-07-21 15:01:38,c7
2023-07-22 19:39:42,c7
2023-07-22 21:10:49,c6
2023-07-22 17:12:35,c5
2023-07-22 14:52:44,c1
2023-07-23 02:51:08,c5
2023-07-23 14:01:51,c6
2023-07-24 03:15:08,c2
2023-07-24 22:31:29,c3
2023-07-24 07:30:01,c5
2023-07-24 11:01:44,c6
2023-07-24 05:20:54,c1
2023-07-24 09:26:08,c1
2023-07-24 11:39:50,c3
2023-07-24 15:17:49,c8
2023-07-25 17:40:43,c5
2023-07-25 09:26:02,c4
2023-07-25 19:32:12,c3
2023-07-25 18:17:12,c4
2023-07-25 10:45:11,c8
2023-07-25 22:08:17,c1
2023-07-25 04:19:07,c5
2023-07-26 06:47:58,c3
2023-07-26 14:19:02,c1
2023-07-26 13:02:25,c6
2023-07-26 13:17:39,c5
2023-07-26 03:56:48,c1
2023-07-26 08:12:11,c3
2023-07-26 11:25:11,c3
2023-07-26 05:40:00,c6
2023-07-27 16:47:21,c1
2023-07-27 07:32:01,c3
2023-07-27 21:06:58,c4
2023-07-27 19:57:36,c7
2023-07-27 05:42:42,c1
2023-07-27 08:11:52,c8
2023-07-27 20:45:56,c7
2023-07-27 12:12:06,c7
2023-07-27 14:01:27,c5
2023-07-28 19:28:57,c3
2023-07-28 02:12:32,c1
2023-07-28 17:27:14,c8
2023-07-28 00:22:44,c4
2023-07-28 17:13:19,c2
2023-07-28 21:31:49,c2
2023-07-28 03:53:33,c1
2023-07-28 20:33:32,c8
2023-07-28 04:06:06,c4
2023-07-28 19:24:23,c5
2023-07-29 16:09:16,c2
2023-07-29 02:15:02,c8
2023-07-29 17:01:24,c3
2023-07-29 00:44:01,c3
2023-07-30 19:16:26,c3
2023-07-30 00:23:49,c2
2023-07-30 01:11:27,c4
2023-07-30 19:43:12,c2
2023-07-30 17:29:53,c4
2023-07-30 02:30:28,c4
2023-07-31 09:10:49,c1
2023-07-31 05:24:23,c5
2023-07-31 06:08:51,c1
2023-08-01 21:58:50,c7
2023-08-02 08:23:15,c2
2023-08-02 15:07:08,c6
2023-08-02 21:05:15,c2
2023-08-02 09:26:39,c6
2023-08-02 14:11:49,c2
2023-08-02 14:08:26,c1
2023-08-02 15:12:21,c4
2023-08-03 01:09:08,c4
2023-08-03 13:07:11,c4
2023-08-03 14:27:19,c2
2023-08-03 19:14:32,c4
2023-08-03 01:25:09,c3
2023-08-03 03:37:57,c4
2023-08-03 05:55:27,c2
2023-08-03 11:55:31,c7
2023-08-04 04:44:32,c7
2023-08-04 03:30:10,c8
2023-08-05 05:19:06,c1
2023-08-05 12:27:01,c6
2023-08-05 12:37:58,c6
2023-08-05 09:36:08,c4
2023-08-05 19:49:02,c4
2023-08-05 14:12:18,c5
2023-08-05 05:20:57,c1
2023-08-06 06:04:44,c5
2023-08-06 09:47:50,c2
2023-08-06 04:56:03,c6
2023-08-06 17:00:47,c6
2023-08-07 02:30:36,c6
2023-08-08 02:00:30,c3
2023-08-08 22:46:40,c8
2023-08-08 12:50:40,c1
2023-08-08 00:38:34,c5
2023-08-08 11:37:24,c7
2023-08-08 00:55:24,c5
2023-08-08 14:52:10,c3
2023-08-08 10:41:53,c7
2023-08-08 07:20:12,c4
2023-08-08 06:15:41,c7
2023-08-09 04:26:57,c8
2023-08-09 08:22:35,c4
2023-08-09 21:17:26,c1
2023-08-10 17:24:54,c6
2023-08-10 22:42:32,c5
2023-08-11 22:50:42,c4
2023-08-11 00:34:45,c5
2023-08-11 02:50:09,c2
2023-08-11 23:28:18,c7
2023-08-11 12:05:04,c4
2023-08-11 00:11:49,c3
2023-08-11 00:06:30,c5
2023-08-12 04:33:21,c1
2023-08-12 13:09:37,c1
2023-08-12 02:33:32,c6
2023-08-12 11:34:31,c2
2023-08-12 04:19:29,c4
2023-08-12 22:37:04,c7
2023-08-12 20:46:14,c8
2023-08-13 07:54:05,c2
2023-08-14 11:15:09,c5
2023-08-15 12:45:07,c8
2023-08-15 18:02:59,c6
2023-08-15 10:11:01,c2
2023-08-15 01:02:18,c2
2023-08-15 08:36:28,c6
2023-08-15 10:14:40,c8
2023-08-15 12:43:29,c6
2023-08-15 16:05:49,c3
2023-08-15 22:25:36,c1
2023-08-16 13:36:56,c3
2023-08-16 16:12:31,c3
2023-08-16 03:23:44,c1
2023-08-16 18:03:40,c4
2023-08-16 13:57:27,c7
2023-08-16 13:24:11,c4
2023-08-17 06:34:22,c7
2023-08-17 18:16:36,c6
2023-08-18 00:31:46,c6
2023-08-19 00:32:58,c7
2023-08-19 18:21:21,c3
2023-08-19 04:19:49,c6
2023-08-19 04:51:29,c2
2023-08-19 22:02:22,c4
2023-08-19 00:37:19,c5
2023-08-19 16:22:49,c5
2023-08-19 15:15:26,c2
2023-08-19 15:52:26,c7
2023-08-20 18:14:30,c8
2023-08-20 03:29:02,c2
2023-08-20 06:03:58,c2
2023-08-20 00:05:47,c8
2023-08-20 22:14:21,c4
2023-08-21 20:14:47,c6
2023-08-21 00:24:56,c8
2023-08-21 03:49:59,c5
2023-08-21 06:23:53,c5
2023-08-21 12:10:04,c2
2023-08-21 14:59:28,c5
2023-08-21 23:22:36,c1
2023-08-21 11:55:41,c6
2023-08-21 12:59:42,c4
2023-08-22 19:21:04,c7
2023-08-22 08:50:03,c6
2023-08-22 12:13:51,c6
2023-08-22 00:51:16,c3
2023-08-22 19:42:15,c6
2023-08-22 13:39:42,c2
2023-08-22 22:35:40,c6
2023-08-22 21:57:51,c6
2023-08-22 09:47:59,c7
2023-08-22 01:41:07,c8
2023-08-23 03:13:45,c3
2023-08-23 12:19:05,c1
2023-08-23 19:41:46,c3
2023-08-23 01:10:16,c7
2023-08-23 11:27:14,c3
2023-08-23 07:27:51,c8
2023-08-23 01:47:20,c7
2023-08-24 02:00:17,c3
2023-08-24 07:15:45,c1
2023-08-24 22:37:57,c7
2023-08-24 14:27:14,c1
2023-08-24 09:44:24,c2
2023-08-24 09:37:23,c1
2023-08-24 14:05:17,c2
2023-08-25 21:40:11,c5
2023-08-25 17:56:29,c6
2023-08-25 07:46:10,c3
2023-08-25 14:08:12,c5
2023-08-25 21:22:18,c2
2023-08-25 10:22:50,c1
2023-08-26 15:58:18,c4
2023-08-26 07:47:44,c6
2023-08-26 20:20:06,c8
2023-08-26 16:21:43,c8
2023-08-27 08:45:50,c1
2023-08-27 01:39:16,c5
2023-08-27 05:21:54,c6
2023-08-27 14:34:24,c5
2023-08-28 17:39:27,c1
2023-08-28 13:34:39,c6
2023-08-28 01:50:56,c8
2023-08-28 00:34:25,c4
2023-08-28 06:06:13,c5
2023-08-28 15:26:08,c8
2023-08-28 02:57:11,c6
2023-08-28 04:16:33,c8
2023-08-29 11:51:01,c4
2023-08-29 11:26:25,c2
2023-08-29 07:33:33,c5
2023-08-29 23:08:54,c7
2023-08-29 07:41:58,c4
2023-08-29 06:47:30,c2
2023-08-29 12:16:46,c4
2023-08-29 00:10:11,c5
2023-08-30 23:37:30,c4
2023-08-30 06:27:11,c4
2023-08-30 20:21:53,c1
2023-08-31 16:57:02,c2
2023-08-31 01:21:53,c5
2023-08-31 12:14:59,c2
2023-08-31 05:33:12,c8
2023-08-31 16:22:35,c4
2023-08-31 00:17:02,c1
2023-08-31 10:52:04,c6
2023-09-01 14:02:28,c3
2023-09-01 23:55:30,c5
2023-09-01 02:40:42,c1
2023-09-01 18:13:08,c4
2023-09-01 14:51:35,c6
2023-09-01 04:03:27,c6
2023-09-02 10:55:28,c5
2023-09-02 13:09:39,c5
2023-09-02 14:50:37,c5
2023-09-02 03:15:46,c8
2023-09-02 13:15:49,c3
2023-09-02 08:34:33,c2
2023-09-02 17:25:25,c5
2023-09-02 00:41:59,c8
2023-09-03 13:26:43,c6
2023-09-03 08:43:23,c4
2023-09-04 02:05:42,c8
2023-09-04 01:57:07,c8
2023-09-04 11:36:52,c3
2023-09-04 22:00:06,c1
2023-09-04 08:36:42,c8
2023-09-04 01:21:25,c6
2023-09-04 15:40:43,c4
2023-09-04 04:58:26,c7
2023-09-04 02:21:32,c8
2023-09-05 16:50:30,c7
2023-09-05 00:55:06,c7
2023-09-05 08:00:51,c8
2023-09-05 19:22:23,c6
2023-09-05 15:30:54,c2
2023-09-05 10:49:41,c8
2023-09-05 21:30:42,c8
2023-09-05 13:42:55,c6
2023-09-05 23:57:07,c6
2023-09-06 02:05:25,c4
2023-09-07 16:03:53,c8
2023-09-07 06:32:29,c3
2023-09-07 21:00:02,c4
2023-09-07 16:37:59,c2
2023-09-07 23:15:05,c7
2023-09-07 07:56:42,c2
2023-09-08 18:11:24,c7
2023-09-08 08:59:12,c7
2023-09-08 13:32:20,c4
2023-09-08 17:06:29,c6
2023-09-09 04:14:07,c4
2023-09-09 08:25:15,c2
2023-09-09 03:18:11,c2
2023-09-09 15:39:26,c1
2023-09-09 23:27:46,c4
2023-09-09 03:02:36,c8
2023-09-09 08:09:12,c1
2023-09-09 08:02:56,c3
2023-09-10 01:45:35,c6
2023-09-10 10:43:39,c4
2023-09-10 21:52:16,c3
2023-09-10 19:46:03,c7
2023-09-10 22:00:18,c2
2023-09-10 21:48:52,c2
2023-09-10 09:44:13,c5
2023-09-11 05:49:56,c1
2023-09-12 16:17:00,c6
2023-09-12 16:57:10,c6
2023-09-12 15:16:26,c6
2023-09-12 23:43:04,c5
2023-09-12 17:03:19,c1
2023-09-13 10:23:02,c2
2023-09-13 20:36:47,c5
2023-09-13 23:36:17,c5
2023-09-13 12:42:36,c1
2023-09-13 09:50:06,c1
2023-09-13 02:58:47,c8
2023-09-13 20:42:38,c1
2023-09-13 16:10:37,c3
2023-09-14 12:27:28,c8
2023-09-14 01:39:58,c1
2023-09-14 01:21:30,c2
2023-09-14 13:54:56,c8
2023-09-14 13:46:18,c1
2023-09-14 03:39:59,c1
2023-09-14 19:25:19,c4
2023-09-14 21:52:07,c1
2023-09-15 20:08:35,c1
2023-09-16 04:31:32,c6
2023-09-16 23:29:28,c3
2023-09-16 20:35:32,c7
2023-09-17 22:43:21,c2
2023-09-17 20:02:41,c1
2023-09-17 16:40:48,c5
2023-09-17 03:53:09,c4
2023-09-17 15:51:12,c3
2023-09-17 16:57:27,c2
2023-09-17 17:34:56,c8
2023-09-17 02:41:26,c6
2023-09-18 02:36:25,c3
2023-09-18 16:16:49,c2
2023-09-18 13:10:27,c5
2023-09-18 04:36:36,c3
2023-09-18 02:01:58,c3
2023-09-18 03:31:56,c6
2023-09-18 11:16:41,c6
2023-09-18 15:32:21,c3
2023-09-18 01:13:46,c6
2023-09-19 08:13:49,c8
2023-09-19 21:34:39,c8
2023-09-20 23:33:27,c6
2023-09-21 10:32:48,c5
2023-09-21 06:55:11,c7
2023-09-21 06:08:12,c2
2023-09-21 02:53:07,c3
2023-09-21 13:58:25,c5
2023-09-22 05:14:40,c7
2023-09-22 17:52:11,c6
2023-09-22 04:23:38,c1
2023-09-22 22:57:47,c4
2023-09-22 13:04:48,c5
2023-09-23 23:48:13,c3
2023-09-23 05:46:30,c7
2023-09-23 09:07:43,c8
2023-09-23 05:15:25,c4
2023-09-23 00:02:57,c4
2023-09-23 08:35:07,c1
2023-09-23 04:38:46,c6
2023-09-23 14:17:52,c3
2023-09-23 00:33:10,c4
2023-09-24 22:47:12,c6
2023-09-24 04:25:56,c5
2023-09-24 00:45:52,c5
2023-09-24 14:26:10,c8
2023-09-24 16:41:26,c8
2023-09-24 20:40:34,c3
2023-09-25 18:54:38,c1
2023-09-25 15:59:16,c2
2023-09-25 23:50:57,c3
2023-09-25 02:29:48,c5
2023-09-25 15:10:52,c3
2023-09-25 00:51:56,c6
2023-09-25 17:26:32,c6
2023-09-25 11:05:54,c3
2023-09-26 08:26:40,c7
2023-09-26 02:10:29,c3
2023-09-26 22:15:48,c6
2023-09-26 16:58:53,c8
2023-09-26 09:43:08,c7
2023-09-26 20:51:19,c8
2023-09-26 05:33:59,c4
2023-09-26 00:18:12,c6
2023-09-27 16:24:55,c5
2023-09-28 20:24:59,c5
2023-09-28 08:41:32,c2
2023-09-28 01:18:26,c7
2023-09-28 17:15:32,c5
2023-09-28 10:08:08,c2
2023-09-28 06:04:46,c3
2023-09-28 23:10:07,c5
2023-09-29 20:37:28,c1
2023-09-29 01:33:45,c7
2023-09-29 05:35:19,c7
2023-09-29 14:07:19,c5
2023-09-29 03:53:48,c7
2023-09-29 01:38:55,c5
2023-09-30 18:09:15,c3
2023-09-30 06:30:43,c8
2023-09-30 23:14:53,c6
2023-10-01 11:40:01,c4
2023-10-01 08:48:15,c6
2023-10-01 03:06:31,c3
2023-10-01 13:56:17,c6
2023-10-01 20:48:53,c8
2023-10-01 03:38:55,c1
2023-10-01 08:44:30,c7
2023-10-02 01:56:24,c1
2023-10-02 16:38:21,c8
2023-10-02 04:44:43,c4
2023-10-02 09:35:31,c5
2023-10-02 16:53:29,c5
2023-10-02 15:10:15,c5
2023-10-03 00:25:26,c4
2023-10-03 19:19:15,c1
2023-10-03 03:26:25,c6
2023-10-03 19:07:58,c8
2023-10-03 10:42:15,c8
2023-10-03 09:01:18,c3
2023-10-04 00:28:21,c1
2023-10-04 14:52:18,c4
2023-10-04 07:54:00,c3
2023-10-04 11:59:16,c7
2023-10-04 10:49:43,c5
2023-10-04 17:40:05,c1
2023-10-04 21:52:14,c6
2023-10-04 09:57:58,c6
2023-10-05 13:13:31,c3
2023-10-05 02:59:10,c8
2023-10-05 03:50:40,c6
2023-10-05 17:19:59,c7
2023-10-05 06:04:30,c8
2023-10-05 17:45:17,c1
2023-10-05 03:41:45,c2
2023-10-06 23:23:47,c7
2023-10-06 08:13:20,c5
2023-10-07 22:18:48,c8
2023-10-07 09:33:39,c6
2023-10-07 22:06:11,c2
2023-10-07 03:58:31,c5
2023-10-07 21:53:21,c3
2023-10-07 06:50:59,c8
2023-10-07 19:02:40,c3
2023-10-07 01:04:33,c4
2023-10-07 09:31:24,c7
2023-10-07 22:46:04,c3
2023-10-08 03:42:27,c3
2023-10-08 16:57:11,c7
2023-10-08 14:56:32,c4
2023-10-08 20:53:18,c2
2023-10-08 10:57:37,c5
2023-10-08 10:30:44,c4
2023-10-08 00:38:51,c7
2023-10-08 05:20:09,c2
2023-10-09 15:23:45,c2
2023-10-09 05:34:36,c2
2023-10-09 20:08:21,c3
2023-10-09 12:28:14,c7
2023-10-09 06:13:02,c3
2023-10-09 15:20:13,c4
2023-10-10 02:21:25,c2
2023-10-10 11:27:25,c6
2023-10-10 02:38:49,c5
2023-10-10 16:45:22,c3
2023-10-10 03:39:58,c2
2023-10-10 02:21:15,c8
2023-10-10 19:14:50,c6
2023-10-10 22:59:16,c5
2023-10-10 10:06:51,c3
2023-10-10 16:17:01,c8
2023-10-11 22:26:11,c1
2023-10-11 19:33:37,c5
2023-10-11 20:44:32,c6
2023-10-11 18:20:25,c5
2023-10-11 09:24:14,c6
2023-10-11 05:10:14,c5
2023-10-12 10:57:27,c1
2023-10-13 10:08:03,c5
2023-10-13 11:15:35,c2
2023-10-13 00:46:25,c7
2023-10-13 06:24:09,c3
2023-10-14 23:19:37,c2
2023-10-14 16:06:16,c2
2023-10-14 12:24:36,c6
2023-10-15 09:24:11,c4
2023-10-16 05:09:23,c7
2023-10-16 10:50:53,c2
2023-10-16 09:49:35,c3
2023-10-16 23:10:47,c4
2023-10-16 11:30:31,c1
2023-10-16 12:39:51,c5
2023-10-16 20:09:11,c3
2023-10-17 08:15:59,c4
2023-10-17 14:50:37,c2
2023-10-17 22:06:17,c1
2023-10-17 14:25:26,c7
2023-10-18 08:01:24,c3
2023-10-18 11:59:56,c6
2023-10-18 17:11:26,c2
2023-10-18 06:36:02,c5
2023-10-18 17:00:32,c2
2023-10-19 03:05:08,c5
2023-10-19 10:42:07,c8
2023-10-19 00:00:59,c8
2023-10-19 14:55:48,c7
2023-10-19 13:08:10,c3
2023-10-19 01:16:42,c7
2023-10-19 01:10:27,c8
2023-10-20 05:21:16,c7
2023-10-20 08:28:20,c1
2023-10-20 23:43:59,c1
2023-10-21 07:44:13,c5
2023-10-21 00:50:44,c7
2023-10-21 00:24:55,c2
2023-10-22 13:27:37,c3
2023-10-22 04:48:47,c7
2023-10-22 11:02:11,c7
2023-10-22 20:25:43,c3
2023-10-22 00:59:03,c5
2023-10-22 20:57:50,c7
2023-10-23 09:52:51,c2
2023-10-23 17:07:32,c6
2023-10-23 14:46:49,c3
2023-10-23 01:19:44,c8
2023-10-23 00:59:49,c6
2023-10-23 01:42:17,c8
2023-10-23 08:54:40,c4
2023-10-23 19:18:34,c3
2023-10-24 22:29:14,c3
2023-10-24 20:27:42,c1
2023-10-25 07:19:54,c3
2023-10-25 15:47:48,c3
2023-10-25 20:04:30,c8
2023-10-25 12:09:34,c6
2023-10-25 22:36:46,c2
2023-10-25 08:19:06,c1
2023-10-25 14:14:39,c6
2023-10-26 02:58:20,c8
2023-10-26 23:08:02,c3
2023-10-26 02:51:23,c3
2023-10-26 04:44:58,c8
2023-10-26 09:14:03,c5
2023-10-26 23:58:15,c5
2023-10-26 20:30:46,c8
2023-10-26 17:13:20,c1
2023-10-26 17:52:26,c8
2023-10-26 12:29:21,c5
2023-10-27 00:06:39,c8
2023-10-27 03:34:42,c6
2023-10-27 21:46:06,c8
2023-10-28 01:28:41,c1
2023-10-28 03:38:18,c6
2023-10-28 06:10:58,c1
2023-10-28 18:30:30,c7
2023-10-28 01:38:29,c7
2023-10-28 12:13:31,c8
2023-10-28 21:43:16,c1
2023-10-29 10:01:30,c7
2023-10-29 19:36:20,c6
2023-10-29 07:56:33,c2
2023-10-30 06:52:01,c3
2023-10-30 13:55:53,c8
2023-10-30 04:27:05,c8
2023-10-30 19:18:08,c4
2023-10-30 17:51:17,c3
2023-10-30 14:58:54,c3
2023-10-31 16:40:24,c6
2023-10-31 09:14:26,c8
2023-10-31 02:16:41,c8
2023-10-31 00:30:16,c3
2023-10-31 20:58:33,c7
2023-11-01 05:28:44,c5
2023-11-01 21:29:32,c4
2023-11-01 13:39:42,c3
2023-11-01 17:21:48,c7
2023-11-01 22:45:48,c2
2023-11-01 10:43:52,c1
2023-11-01 02:57:40,c1
2023-11-01 12:42:52,c8
2023-11-02 04:53:54,c2
2023-11-03 15:57:49,c4
2023-11-03 00:39:16,c7
2023-11-04 15:03:02,c2
2023-11-04 20:11:10,c2
2023-11-04 10:39:59,c7
2023-11-04 08:22:27,c8
2023-11-04 14:16:40,c4
2023-11-04 18:13:56,c1
2023-11-04 07:50:49,c6
2023-11-04 23:33:34,c6
2023-11-05 17:24:52,c7
2023-11-05 07:31:44,c8
2023-11-05 19:07:27,c3
2023-11-05 03:06:11,c5
2023-11-05 05:34:48,c5
2023-11-05 15:03:43,c3
2023-11-05 21:37:52,c2
2023-11-05 06:56:51,c4
2023-11-05 12:12:32,c8
2023-11-05 22:58:24,c4
2023-11-06 00:23:58,c5
2023-11-06 18:12:05,c8
2023-11-07 06:53:29,c8
2023-11-07 00:42:34,c3
2023-11-07 02:08:09,c5
2023-11-07 12:36:17,c4
2023-11-07 21:58:23,c5
2023-11-07 05:57:21,c3
2023-11-08 13:41:37,c1
2023-11-08 06:25:53,c6
2023-11-08 01:09:42,c1
2023-11-08 12:22:39,c3
2023-11-08 07:45:21,c6
2023-11-08 18:42:04,c5
2023-11-08 21:17:46,c3
2023-11-08 13:12:24,c1
2023-11-08 16:01:48,c6
2023-11-08 10:22:56,c4
2023-11-09 07:57:00,c4
2023-11-09 03:59:28,c1
2023-11-09 18:09:04,c5
2023-11-09 02:24:56,c8
2023-11-09 06:23:17,c8
2023-11-09 16:42:27,c2
2023-11-09 07:49:53,c6
2023-11-09 19:33:03,c2
2023-11-10 17:17:52,c8
2023-11-10 03:22:29,c7
2023-11-10 12:42:02,c1
2023-11-10 08:08:13,c5
2023-11-10 01:06:31,c5
2023-11-10 17:55:29,c5
2023-11-11 05:53:11,c3
2023-11-11 12:08:24,c5
2023-11-11 05:04:56,c2
2023-11-11 09:56:34,c2
2023-11-11 20:41:12,c7
2023-11-11 13:06:10,c5
2023-11-11 15:50:31,c2
2023-11-11 18:57:05,c1
2023-11-12 11:05:06,c4
2023-11-13 17:16:16,c4
2023-11-13 01:09:23,c3
2023-11-13 03:40:55,c2
2023-11-13 20:49:57,c8
2023-11-13 18:47:51,c7
2023-11-13 23:08:30,c3
2023-11-13 06:58:09,c1
2023-11-13 12:14:58,c6
2023-11-14 06:59:20,c3
2023-11-14 07:39:48,c4
2023-11-14 18:01:42,c5
2023-11-14 21:50:14,c4
2023-11-14 19:28:08,c7
2023-11-15 10:51:08,c4
2023-11-15 20:36:54,c2
2023-11-15 09:35:46,c5
2023-11-15 17:29:23,c1
2023-11-15 13:03:41,c5
2023-11-16 21:22:43,c1
2023-11-17 12:15:10,c4
2023-11-17 04:21:51,c5
2023-11-17 04:29:09,c1
2023-11-18 14:46:17,c5
2023-11-18 01:33:45,c6
2023-11-18 01:05:16,c4
2023-11-18 04:35:25,c7
2023-11-18 21:14:32,c6
2023-11-18 03:32:54,c7
2023-11-18 02:00:33,c7
2023-11-18 07:57:11,c1
2023-11-18 12:00:56,c7
2023-11-18 07:13:51,c6
2023-11-19 14:36:11,c8
2023-11-19 01:46:18,c2
2023-11-19 00:24:32,c7
2023-11-19 02:24:17,c3
2023-11-19 09:08:05,c4
2023-11-19 18:42:37,c2
2023-11-19 00:49:28,c7
2023-11-20 21:45:12,c8
2023-11-21 17:24:30,c3
2023-11-21 16:17:31,c1
2023-11-21 04:16:49,c2
2023-11-22 14:53:52,c4
2023-11-22 13:52:56,c8
2023-11-22 15:25:25,c2
2023-11-23 14:48:08,c8
2023-11-23 05:57:38,c5
2023-11-23 02:32:57,c1
2023-11-23 05:19:07,c6
2023-11-23 08:39:31,c7
2023-11-23 23:39:20,c4
2023-11-23 16:01:20,c1
2023-11-23 17:49:21,c7
2023-11-23 15:51:13,c7
2023-11-23 15:51:29,c1
2023-11-24 01:38:16,c4
2023-11-24 20:28:06,c4
2023-11-24 19:32:32,c6
2023-11-24 14:54:56,c5
2023-11-24 10:05:39,c7
2023-11-25 21:08:35,c6
2023-11-25 20:04:39,c6
2023-11-25 17:18:37,c6
2023-11-25 03:22:13,c3
2023-11-25 11:59:24,c7
2023-11-25 04:02:25,c1
2023-11-25 09:55:22,c3
2023-11-25 00:50:26,c8
2023-11-26 00:30:44,c4
2023-11-26 17:07:35,c6
2023-11-26 21:17:53,c1
2023-11-26 06:49:15,c8
2023-11-26 00:29:24,c8
2023-11-26 10:24:56,c3
2023-11-26 17:56:10,c4
2023-11-26 10:40:53,c7
2023-11-26 00:42:31,c2
2023-11-26 19:51:12,c4
2023-11-27 10:28:26,c8
2023-11-27 03:46:38,c6
2023-11-27 10:55:50,c1
2023-11-27 20:13:35,c5
2023-11-27 12:16:01,c5
2023-11-27 16:30:43,c2
2023-11-28 16:41:37,c4
2023-11-28 17:36:08,c8
2023-11-28 12:05:33,c7
2023-11-28 03:50:05,c1
2023-11-28 01:30:29,c2
2023-11-28 08:03:21,c5
2023-11-28 08:58:50,c8
2023-11-28 08:58:41,c2
2023-11-28 23:37:24,c2
2023-11-29 23:26:39,c1
2023-11-29 15:23:13,c7
2023-11-29 05:10:56,c8
2023-11-29 12:56:51,c3
2023-11-29 16:58:54,c4
2023-11-30 22:09:45,c6
2023-12-01 12:55:36,c5
2023-12-01 09:45:46,c6
2023-12-01 13:05:55,c2
2023-12-01 01:39:33,c8
2023-12-01 10:41:34,c3
2023-12-01 14:47:58,c3
2023-12-01 13:42:15,c5
2023-12-01 11:30:40,c1
2023-12-01 12:46:20,c2
2023-12-01 17:52:14,c7
2023-12-02 15:50:54,c7
2023-12-02 01:11:17,c3
2023-12-02 07:10:04,c4
2023-12-02 19:13:33,c8
2023-12-02 04:49:29,c8
2023-12-02 01:16:14,c2
2023-12-03 08:51:18,c2
2023-12-03 15:31:09,c6
2023-12-03 02:00:33,c7
2023-12-03 21:12:42,c7
2023-12-03 09:01:40,c2
2023-12-03 02:22:38,c8
2023-12-04 20:51:04,c8
2023-12-04 06:16:00,c3
2023-12-05 13:09:38,c3
2023-12-06 14:40:24,c5
2023-12-06 20:24:41,c5
2023-12-06 13:47:37,c6
2023-12-07 11:27:34,c6
2023-12-07 09:48:11,c8
2023-12-07 19:48:24,c6
2023-12-08 18:17:47,c7
2023-12-08 19:12:02,c2
2023-12-08 10:01:38,c2
2023-12-08 15:03:51,c3
2023-12-08 21:31:38,c6
2023-12-08 23:51:09,c5
2023-12-08 09:17:15,c7
2023-12-08 20:13:48,c7
2023-12-08 15:05:04,c1
2023-12-09 14:52:12,c1
2023-12-09 07:43:22,c4
2023-12-09 01:09:51,c7
2023-12-10 06:04:04,c4
2023-12-11 18:34:51,c4
2023-12-11 09:04:41,c8
2023-12-11 20:01:56,c2
2023-12-11 11:08:12,c7
2023-12-11 14:39:05,c3
2023-12-11 08:12:56,c4
2023-12-12 02:53:06,c7
2023-12-12 02:20:09,c3
2023-12-12 07:34:23,c5
2023-12-12 21:08:14,c1
2023-12-13 02:59:59,c5
2023-12-14 19:35:28,c7
2023-12-15 19:59:06,c2
2023-12-15 20:44:11,c5
2023-12-15 15:25:15,c1
2023-12-16 17:45:01,c3
2023-12-16 10:37:38,c4
2023-12-16 17:00:12,c8
2023-12-16 06:24:32,c4
2023-12-16 02:14:28,c4
2023-12-17 23:59:22,c6
2023-12-17 23:46:48,c4
2023-12-17 22:55:41,c2
2023-12-18 05:52:55,c5
2023-12-18 13:48:45,c7
2023-12-18 17:33:25,c4
2023-12-18 18:46:47,c1
2023-12-18 04:44:18,c8
2023-12-18 03:54:21,c5
2023-12-18 09:02:26,c5
2023-12-19 06:24:32,c3
2023-12-19 04:18:38,c8
2023-12-19 08:30:59,c3
2023-12-19 20:09:22,c6
2023-12-19 03:18:38,c1
2023-12-19 20:40:54,c1
2023-12-19 05:07:13,c5
2023-12-19 18:22:27,c7
2023-12-20 01:22:04,c2
2023-12-20 11:41:23,c8
2023-12-20 21:02:08,c6
2023-12-20 00:33:43,c4
2023-12-20 00:55:00,c4
2023-12-21 06:58:08,c3
2023-12-21 07:10:16,c2
2023-12-21 14:24:36,c3
2023-12-21 20:25:55,c8
2023-12-21 14:58:03,c3
2023-12-21 12:49:33,c3
2023-12-21 20:07:21,c1
2023-12-22 19:10:42,c7
2023-12-22 16:54:05,c8
2023-12-22 04:17:39,c2
2023-12-22 18:50:58,c7
2023-12-22 03:44:09,c7
2023-12-22 15:59:14,c5
2023-12-23 17:20:09,c7
2023-12-23 13:40:55,c5
2023-12-23 20:21:13,c3
2023-12-23 05:56:16,c8
2023-12-24 16:44:18,c5
2023-12-25 01:45:20,c7
2023-12-26 02:18:21,c2
2023-12-26 21:23:32,c5
2023-12-26 20:06:11,c7
2023-12-26 00:31:12,c5
2023-12-27 04:29:29,c2
2023-12-27 16:48:13,c2
2023-12-28 06:16:38,c4
2023-12-28 21:14:05,c7
2023-12-28 19:34:41,c4
2023-12-28 04:46:41,c2
2023-12-29 10:41:02,c5
2023-12-29 21:18:16,c5
2023-12-29 12:31:01,c3
2023-12-29 22:12:18,c8
2023-12-29 11:04:48,c2
2023-12-29 06:16:07,c1
2023-12-29 20:24:34,c1
2023-12-29 21:15:19,c7
2023-12-29 01:28:10,c7
2023-12-30 09:49:38,c6
2023-12-30 21:24:57,c5
2023-12-30 04:25:19,c2
2023-12-30 22:29:28,c6
2023-12-31 15:17:30,c3
2023-12-31 02:16:57,c3
2023-12-31 02:21:45,c5
2023-12-31 07:56:24,c3
2023-12-31 12:32:14,c6
2023-12-31 04:46:13,c2
2023-12-31 15:37:48,c5
2024-01-01 23:26:08,c4
2024-01-01 13:03:15,c7
2024-01-01 01:55:33,c4
2024-01-01 08:56:25,c3
2024-01-01 19:57:26,c2
2024-01-01 09:22:02,c5
2024-01-01 14:11:53,c4
2024-01-02 11:54:25,c2
2024-01-02 11:37:12,c8
2024-01-02 13:18:05,c1
2024-01-03 05:34:01,c1
2024-01-04 03:53:22,c7
2024-01-04 02:02:01,c5
2024-01-04 23:29:52,c7
2024-01-04 22:21:34,c2
2024-01-04 23:44:33,c5
2024-01-04 16:25:38,c7
2024-01-04 18:49:40,c1
2024-01-04 14:46:18,c8
2024-01-04 21:04:00,c5
2024-01-05 03:07:17,c5
2024-01-05 10:23:58,c6
2024-01-05 06:12:11,c2
2024-01-05 19:43:54,c8
2024-01-05 09:06:05,c4
2024-01-05 06:07:54,c4
2024-01-05 22:30:57,c2
2024-01-05 21:03:33,c1
2024-01-06 07:25:13,c8
2024-01-07 20:16:01,c2
2024-01-07 18:55:02,c5
2024-01-07 23:32:50,c3
2024-01-07 12:45:49,c6
2024-01-07 17:06:58,c3
2024-01-07 06:28:37,c6
2024-01-07 12:54:43,c4
2024-01-08 05:33:05,c4
2024-01-08 14:00:27,c3
2024-01-09 13:18:31,c8
2024-01-09 11:26:10,c3
2024-01-09 07:03:54,c3
2024-01-09 14:21:01,c5
2024-01-09 20:38:39,c3
2024-01-09 20:31:06,c7
2024-01-09 06:59:31,c5
2024-01-09 02:41:41,c2
2024-01-09 06:28:30,c1
2024-01-09 09:32:11,c5
2024-01-10 22:09:05,c4
2024-01-11 15:06:47,c6
2024-01-11 20:46:10,c4
2024-01-11 11:33:48,c8
2024-01-11 09:00:55,c6
2024-01-12 16:08:01,c2
2024-01-12 18:02:06,c2
2024-01-12 00:07:37,c7
2024-01-12 12:02:25,c8
2024-01-12 08:46:47,c8
2024-01-12 16:45:22,c3
2024-01-13 12:39:28,c8
2024-01-13 19:35:00,c1
2024-01-13 09:42:22,c7
2024-01-13 08:59:45,c7
2024-01-13 18:52:45,c7
2024-01-13 06:50:03,c6
2024-01-14 23:30:30,c2
2024-01-14 20:05:53,c6
2024-01-14 08:21:04,c3
2024-01-14 16:01:43,c8
2024-01-15 06:31:02,c1
2024-01-15 06:46:43,c6
2024-01-15 17:41:14,c8
2024-01-15 13:44:10,c6
2024-01-15 20:22:38,c5
2024-01-15 19:26:48,c7
2024-01-15 18:29:17,c8
2024-01-15 21:46:59,c7
2024-01-15 14:52:35,c4
2024-01-16 16:59:40,c1
2024-01-16 18:57:24,c2
2024-01-16 10:45:29,c1
2024-01-16 06:10:54,c2
2024-01-16 22:32:40,c2
2024-01-16 00:02:20,c1
2024-01-16 23:52:58,c5
2024-01-16 23:50:51,c7
2024-01-17 18:07:32,c5
2024-01-17 09:31:44,c7
2024-01-17 11:19:44,c8
2024-01-17 18:50:39,c5
2024-01-17 12:34:43,c1
2024-01-17 02:25:03,c3
2024-01-17 01:23:53,c3
2024-01-17 03:21:17,c1
2024-01-18 04:17:08,c8
2024-01-18 22:18:52,c7
2024-01-18 19:17:38,c5
2024-01-18 18:23:40,c7
2024-01-18 11:36:56,c4
2024-01-18 06:25:14,c7
2024-01-18 18:28:52,c1
2024-01-19 10:34:33,c2
2024-01-19 00:07:03,c6
2024-01-20 22:57:47,c8
2024-01-20 11:02:32,c3
2024-01-20 01:32:49,c8
2024-01-20 22:51:21,c1
2024-01-20 01:47:27,c6
2024-01-20 02:36:21,c7
2024-01-21 03:37:10,c3
2024-01-21 03:40:03,c7
2024-01-21 21:06:42,c5
2024-01-21 03:49:12,c2
2024-01-22 12:15:34,c7
2024-01-22 02:30:47,c8
2024-01-22 19:58:52,c3
2024-01-22 02:52:03,c4
2024-01-23 12:06:23,c2
2024-01-23 04:51:02,c4
2024-01-23 05:53:20,c3
2024-01-23 17:04:30,c8
2024-01-23 17:25:06,c1
2024-01-23 08:58:37,c6
2024-01-23 17:49:07,c1
2024-01-23 03:59:55,c4
2024-01-23 14:47:43,c4
2024-01-24 15:27:02,c3
2024-01-24 17:51:01,c1
2024-01-24 03:32:05,c8
2024-01-24 09:34:41,c7
2024-01-24 06:18:14,c5
2024-01-25 12:53:49,c8
2024-01-25 09:18:23,c5
2024-01-25 13:26:02,c8
2024-01-25 20:37:56,c8
2024-01-25 01:26:50,c7
2024-01-25 02:10:41,c1
2024-01-25 01:55:33,c7
2024-01-26 01:29:04,c8
2024-01-26 04:04:22,c1
2024-01-26 06:42:31,c7
2024-01-26 11:08:10,c5
2024-01-27 21:34:05,c6
2024-01-27 21:51:02,c6
2024-01-27 12:23:17,c5
2024-01-27 17:43:37,c4
2024-01-27 11:13:25,c2
2024-01-27 05:58:46,c6
2024-01-27 12:29:24,c4
2024-01-27 21:44:53,c1
2024-01-28 04:32:57,c4
2024-01-28 12:59:47,c3
2024-01-28 14:53:39,c4
2024-01-28 15:45:41,c4
2024-01-28 01:15:15,c2
2024-01-28 10:15:05,c1
2024-01-28 05:24:32,c3
2024-01-28 22:53:35,c5
2024-01-28 04:04:15,c1
2024-01-28 04:34:00,c5
2024-01-29 22:22:44,c3
2024-01-29 15:57:57,c5
2024-01-30 23:16:02,c4
2024-01-31 14:08:16,c7
2024-01-31 14:26:13,c3
2024-02-01 16:27:39,c3
2024-02-02 03:42:32,c8
2024-02-02 12:11:43,c3
2024-02-02 19:07:16,c7
2024-02-02 18:51:02,c1
2024-02-02 10:37:10,c6
2024-02-02 14:51:29,c5
2024-02-02 21:51:57,c8
2024-02-02 03:50:21,c3
2024-02-03 12:40:22,c6
2024-02-03 13:59:44,c5
2024-02-03 08:18:37,c4
2024-02-03 03:13:24,c1
2024-02-03 10:25:04,c1
2024-02-03 00:19:46,c8
2024-02-03 10:25:52,c7
2024-02-04 12:42:47,c5
2024-02-04 11:25:41,c4
2024-02-04 01:04:37,c7
2024-02-04 23:59:48,c4
2024-02-04 01:40:06,c1
2024-02-04 09:10:53,c5
2024-02-04 00:16:33,c5
2024-02-04 22:28:04,c8
2024-02-05 13:58:55,c8
2024-02-05 01:03:30,c5
2024-02-05 22:41:31,c5
2024-02-05 17:43:46,c1
2024-02-05 05:45:22,c3
2024-02-05 14:45:16,c1
2024-02-05 21:12:42,c5
2024-02-05 20:02:58,c7
2024-02-05 13:30:06,c1
2024-02-06 13:56:56,c2
2024-02-06 23:19:06,c7
2024-02-06 11:23:25,c1
2024-02-06 02:09:22,c5
2024-02-07 14:44:48,c3
2024-02-07 20:35:03,c3
2024-02-07 01:04:25,c1
2024-02-07 03:56:50,c4
2024-02-07 08:43:49,c4
2024-02-07 14:31:45,c7
2024-02-07 16:36:10,c6
2024-02-07 22:48:19,c1
2024-02-07 08:26:07,c7
2024-02-08 17:40:01,c7
2024-02-08 06:01:06,c7
2024-02-08 14:37:11,c7
2024-02-08 06:45:27,c8
2024-02-08 19:25:03,c8
2024-02-08 13:30:38,c1
2024-02-08 05:55:17,c8
2024-02-09 23:59:46,c6
2024-02-09 21:11:25,c1
2024-02-09 19:05:23,c1
2024-02-09 05:10:17,c7
2024-02-09 09:19:12,c1
2024-02-09 21:49:14,c8
2024-02-09 07:09:29,c8
2024-02-09 12:57:31,c3
2024-02-09 14:08:50,c8
2024-02-10 13:35:07,c1
2024-02-10 01:08:44,c7
2024-02-11 02:59:11,c8
2024-02-11 22:58:52,c7
2024-02-12 15:49:19,c8
2024-02-12 01:40:08,c8
2024-02-12 18:35:20,c5
2024-02-12 13:50:04,c1
2024-02-12 08:46:02,c8
2024-02-12 09:27:01,c2
2024-02-12 16:02:19,c2
2024-02-12 20:21:49,c4
2024-02-12 19:36:45,c3
2024-02-12 10:15:22,c6
2024-02-13 19:18:25,c5
2024-02-13 16:32:26,c7
2024-02-13 11:31:34,c8
2024-02-13 23:22:04,c6
2024-02-13 17:16:48,c5
2024-02-13 08:51:29,c2
2024-02-13 05:35:08,c6
2024-02-13 09:29:42,c3
2024-02-13 15:52:04,c5
2024-02-13 09:39:43,c4
2024-02-14 07:55:09,c7
2024-02-14 22:55:28,c3
2024-02-14 04:36:00,c2
2024-02-14 23:26:46,c8
2024-02-14 21:34:47,c5
2024-02-14 05:39:30,c7
2024-02-14 15:10:57,c6
2024-02-15 01:11:15,c3
2024-02-15 10:17:54,c4
2024-02-15 23:51:02,c7
2024-02-15 23:31:26,c3
2024-02-15 22:18:30,c5
2024-02-16 23:03:50,c4
2024-02-16 09:52:53,c8
2024-02-17 02:47:04,c6
2024-02-17 08:58:35,c3
2024-02-17 12:02:18,c3
2024-02-17 16:16:59,c4
2024-02-17 15:29:04,c1
2024-02-17 03:46:57,c2
2024-02-18 00:27:07,c8
2024-02-18 04:59:50,c3
2024-02-18 21:23:50,c1
2024-02-18 23:17:32,c5
2024-02-18 19:53:51,c5
2024-02-18 18:04:19,c5
2024-02-18 08:42:09,c1
2024-02-18 16:10:14,c5
2024-02-19 06:25:47,c7
2024-02-19 22:11:43,c2
2024-02-20 14:32:22,c1
2024-02-20 17:13:00,c3
2024-02-20 08:49:46,c5
2024-02-20 10:26:10,c2
2024-02-20 22:40:52,c3
2024-02-20 11:39:26,c8
2024-02-20 10:25:43,c6
2024-02-20 11:58:47,c6
2024-02-21 17:08:29,c6
2024-02-21 00:53:59,c1
2024-02-21 06:43:57,c5
2024-02-21 10:52:26,c8
2024-02-21 12:00:19,c6
2024-02-21 11:14:38,c8
2024-02-21 09:48:46,c2
2024-02-21 22:28:17,c1
2024-02-21 10:43:01,c3
2024-02-21 17:33:36,c7
2024-02-22 07:05:06,c8
2024-02-22 07:20:16,c2
2024-02-22 16:07:07,c2
2024-02-22 10:32:02,c4
2024-02-23 17:14:13,c4
2024-02-23 16:57:04,c2
2024-02-23 11:50:38,c7
2024-02-23 04:35:16,c5
2024-02-23 20:25:08,c5
2024-02-23 19:22:54,c4
2024-02-23 10:34:22,c3
2024-02-23 07:06:23,c6
2024-02-23 10:15:06,c8
2024-02-23 06:28:11,c8
2024-02-24 07:37:48,c8
2024-02-24 09:41:49,c1
2024-02-24 12:05:42,c2
2024-02-25 19:54:45,c8
2024-02-25 03:39:48,c7
2024-02-25 12:50:28,c7
2024-02-25 19:59:50,c7
2024-02-25 04:41:45,c3
2024-02-25 13:06:12,c5
2024-02-25 03:07:45,c5
2024-02-25 19:36:06,c3
2024-02-25 04:16:18,c6
2024-02-26 09:37:54,c5
2024-02-26 01:39:04,c7
2024-02-26 14:55:12,c2
2024-02-26 13:14:21,c4
2024-02-26 17:49:13,c8
2024-02-26 23:18:58,c3
2024-02-26 01:53:23,c6
2024-02-27 23:13:29,c1
2024-02-27 14:24:47,c8
2024-02-27 17:22:01,c1
2024-02-27 09:27:48,c3
2024-02-27 14:07:57,c1
2024-02-28 03:32:40,c8
2024-02-29 19:47:14,c2
2024-02-29 17:58:52,c8
2024-02-29 00:00:26,c4
2024-02-29 02:01:38,c3
2024-02-29 23:50:11,c7
2024-02-29 11:31:50,c5
2024-03-01 20:13:45,c7
2024-03-01 02:32:58,c1
2024-03-01 00:00:34,c5
2024-03-01 20:54:23,c6
2024-03-01 21:41:11,c7
2024-03-02 02:26:39,c8
2024-03-03 12:10:58,c5
2024-03-03 20:15:13,c7
2024-03-03 00:18:50,c3
2024-03-03 13:01:00,c6
2024-03-03 13:04:30,c1
2024-03-03 16:21:41,c8
2024-03-03 02:00:42,c2
2024-03-03 20:28:23,c8
2024-03-03 11:27:50,c7
2024-03-03 19:55:10,c3
2024-03-04 07:12:48,c3
2024-03-04 05:33:11,c7
2024-03-04 15:24:04,c6
2024-03-05 19:43:41,c3
2024-03-05 08:34:29,c8
2024-03-05 10:41:56,c6
2024-03-05 01:00:56,c8
2024-03-05 07:01:20,c7
2024-03-05 04:33:05,c3
2024-03-05 04:11:43,c1
2024-03-05 01:20:09,c2
2024-03-05 12:26:38,c2
2024-03-05 01:47:08,c4
2024-03-06 05:56:56,c6
2024-03-06 10:09:27,c3
2024-03-06 22:45:08,c4
2024-03-06 16:43:29,c6
2024-03-06 20:48:56,c5
2024-03-07 18:11:53,c5
2024-03-07 09:17:15,c6
2024-03-07 08:04:14,c8
2024-03-07 12:33:28,c8
2024-03-08 02:47:05,c3
2024-03-08 16:05:37,c3
2024-03-08 15:17:09,c1
2024-03-08 02:18:31,c1
2024-03-08 13:29:52,c6
2024-03-09 19:33:37,c5
2024-03-09 22:39:23,c7
2024-03-09 23:59:03,c1
2024-03-09 17:00:09,c5
2024-03-09 09:28:30,c6
2024-03-09 21:11:31,c1
2024-03-09 14:15:14,c4
2024-03-09 05:12:44,c5
2024-03-09 00:57:57,c8
2024-03-09 14:48:26,c8
2024-03-10 06:44:01,c2
2024-03-10 09:53:27,c5
2024-03-10 17:48:41,c2
2024-03-10 21:46:56,c4
2024-03-11 01:34:02,c5
2024-03-11 23:38:00,c3
2024-03-11 00:51:03,c1
2024-03-11 03:46:03,c1
2024-03-11 09:59:13,c2
2024-03-11 16:36:18,c1
2024-03-11 11:15:23,c2
2024-03-12 20:32:06,c7
2024-03-12 01:47:48,c8
2024-03-12 09:43:19,c1
2024-03-13 11:19:11,c3
2024-03-13 17:45:39,c5
2024-03-13 16:14:51,c2
2024-03-14 13:45:08,c1
2024-03-14 15:05:15,c2
2024-03-14 08:20:11,c5
2024-03-14 02:31:53,c5
2024-03-14 09:03:13,c4
2024-03-14 00:39:39,c8
2024-03-14 00:55:34,c6
2024-03-14 16:29:00,c1
2024-03-14 23:22:42,c1
2024-03-15 16:37:57,c2
2024-03-15 12:19:33,c2
2024-03-16 22:34:47,c8
2024-03-16 16:46:24,c7
2024-03-16 04:24:50,c2
2024-03-16 08:22:11,c4
2024-03-16 21:20:13,c6
2024-03-17 19:11:01,c6
2024-03-17 09:53:52,c6
2024-03-17 12:01:56,c7
2024-03-17 20:54:38,c6
2024-03-17 18:21:55,c4
2024-03-17 06:17:13,c8
2024-03-17 18:41:32,c2
2024-03-17 11:19:48,c2
2024-03-17 02:31:00,c5
2024-03-17 13:41:56,c5
2024-03-18 08:34:12,c4
2024-03-18 03:05:41,c1
2024-03-18 23:35:52,c7
2024-03-18 01:44:14,c5
2024-03-18 00:33:57,c8
2024-03-18 10:25:24,c2
2024-03-18 08:08:23,c3
2024-03-19 20:16:02,c8
2024-03-19 05:23:08,c8
2024-03-19 12:35:39,c3
2024-03-20 08:33:38,c6
2024-03-20 11:20:12,c2
2024-03-20 22:08:59,c2
2024-03-20 01:16:26,c1
2024-03-20 02:48:55,c3
2024-03-20 02:09:18,c4
2024-03-20 21:47:15,c6
2024-03-20 04:43:13,c7
2024-03-20 23:50:57,c6
2024-03-20 03:40:41,c7
2024-03-21 03:16:39,c2
2024-03-21 03:16:53,c6
2024-03-21 22:34:48,c8
2024-03-22 19:38:38,c2
2024-03-22 02:23:23,c8
2024-03-22 00:24:27,c2
2024-03-22 04:08:27,c2
2024-03-23 19:29:06,c3
2024-03-23 23:50:05,c4
2024-03-24 14:39:42,c4
2024-03-24 16:37:55,c5
2024-03-24 01:54:20,c3
2024-03-24 18:24:00,c4
2024-03-24 05:07:26,c8
2024-03-24 06:35:04,c1
2024-03-24 08:33:03,c8
2024-03-24 21:37:45,c3
2024-03-25 13:35:03,c1
2024-03-25 22:20:45,c5
2024-03-25 19:14:38,c1
2024-03-25 18:16:54,c6
2024-03-25 08:02:08,c7
2024-03-25 22:34:19,c1
2024-03-25 09:46:15,c7
2024-03-25 07:27:12,c2
2024-03-25 09:40:27,c5
2024-03-26 08:29:04,c8
2024-03-26 00:31:52,c1
2024-03-26 08:11:13,c1
2024-03-26 04:22:21,c8
2024-03-26 04:46:01,c5
2024-03-26 06:38:28,c7
2024-03-26 21:43:18,c3
2024-03-26 00:52:18,c8
2024-03-27 08:46:36,c3
2024-03-27 12:10:11,c3
2024-03-27 04:46:04,c7
2024-03-27 12:28:03,c5
2024-03-27 14:33:53,c5
2024-03-27 08:33:29,c2
2024-03-27 02:18:08,c5
2024-03-27 23:26:17,c3
2024-03-27 01:08:55,c4
2024-03-27 18:42:28,c1
2024-03-28 05:07:36,c5
2024-03-28 06:26:17,c3
2024-03-28 09:31:19,c7
2024-03-29 08:52:29,c3
2024-03-29 07:59:26,c2
2024-03-29 15:48:23,c2
2024-03-29 03:15:29,c6
2024-03-29 03:09:58,c7
2024-03-29 20:39:30,c6
2024-03-29 22:04:04,c8
2024-03-29 21:08:43,c4
2024-03-29 14:36:57,c3
2024-03-30 19:04:05,c7
2024-03-30 06:40:20,c6
2024-03-30 23:04:09,c6
2024-03-30 19:19:20,c1
2024-03-30 00:08:23,c5
2024-03-30 12:07:40,c2
2024-03-30 01:20:41,c3
2024-03-30 17:55:11,c7
2024-03-31 11:45:00,c7
2024-03-31 09:57:01,c4
2024-03-31 15:16:14,c8
2024-04-01 04:01:04,c8
2024-04-01 17:28:35,c7
2024-04-01 05:36:27,c7
2024-04-01 14:52:30,c2
2024-04-01 18:23:19,c5
2024-04-01 22:09:01,c7
2024-04-01 18:34:46,c3
2024-04-02 15:42:52,c2
2024-04-02 06:59:21,c6
2024-04-02 08:56:36,c1
2024-04-02 05:21:21,c4
2024-04-02 03:49:37,c6
2024-04-03 20:28:11,c5
2024-04-03 13:22:21,c4
2024-04-03 05:26:15,c8
2024-04-04 04:32:01,c1
2024-04-05 16:28:10,c2
2024-04-05 14:17:55,c2
2024-04-05 08:51:42,c3
2024-04-05 05:12:25,c7
2024-04-05 09:09:20,c2
2024-04-05 22:31:29,c3
2024-04-05 04:22:18,c4
2024-04-05 18:28:55,c2
2024-04-05 22:50:42,c1
2024-04-05 06:55:28,c7
2024-04-06 11:49:46,c8
2024-04-06 13:51:31,c5
2024-04-06 05:24:02,c4
2024-04-06 05:50:37,c3
2024-04-06 16:04:48,c1
2024-04-06 01:42:08,c2
2024-04-06 08:55:41,c8
2024-04-07 00:51:00,c4
2024-04-08 04:01:35,c2
2024-04-08 02:19:32,c1
2024-04-08 11:04:59,c5
2024-04-08 23:42:46,c4
2024-04-09 11:58:49,c6
2024-04-09 23:50:36,c3
2024-04-09 08:19:16,c4
2024-04-09 09:11:22,c8
2024-04-09 22:39:29,c3
2024-04-09 15:51:45,c7
2024-04-09 04:08:47,c1
2024-04-10 05:32:30,c4
2024-04-10 15:34:53,c6
2024-04-10 22:35:04,c6
2024-04-10 22:21:34,c4
2024-04-10 04:21:46,c1
2024-04-10 15:30:06,c3
2024-04-10 01:58:18,c7
2024-04-10 22:54:59,c3
2024-04-10 23:48:54,c4
2024-04-10 09:44:05,c2
2024-04-11 05:36:51,c4
2024-04-11 22:34:48,c2
2024-04-11 05:15:43,c2
2024-04-11 22:20:25,c5
2024-04-11 21:55:00,c8
2024-04-11 07:58:10,c7
2024-04-11 07:32:08,c5
2024-04-11 11:50:06,c5
2024-04-12 09:58:34,c5
2024-04-12 23:16:27,c2
2024-04-12 10:41:40,c8
2024-04-13 14:13:45,c5
2024-04-13 05:23:07,c4
2024-04-13 12:49:11,c4
2024-04-13 08:10:18,c4
2024-04-13 17:51:50,c6
2024-04-13 14:10:43,c4
2024-04-13 19:13:21,c7
2024-04-14 00:53:34,c8
2024-04-14 09:12:34,c3
2024-04-14 19:59:11,c1
2024-04-14 00:57:24,c8
2024-04-14 05:14:26,c2
2024-04-14 05:57:38,c4
2024-04-14 01:01:28,c8
2024-04-14 03:12:37,c1
2024-04-14 04:59:29,c5
2024-04-14 21:04:47,c1
2024-04-15 02:48:40,c4
2024-04-15 10:55:41,c1
2024-04-15 17:26:38,c7
2024-04-15 01:41:05,c5
2024-04-15 03:39:35,c8
2024-04-15 21:21:48,c2
2024-04-16 02:09:29,c6
2024-04-17 09:58:53,c3
2024-04-17 03:03:50,c5
2024-04-18 09:30:43,c6
2024-04-18 14:41:19,c7
2024-04-18 13:03:19,c8
2024-04-18 16:43:28,c4
2024-04-18 03:40:35,c3
2024-04-18 14:14:34,c5
2024-04-18 02:35:36,c7
2024-04-18 03:50:51,c8
2024-04-18 00:56:30,c4
2024-04-18 16:51:40,c7
2024-04-19 00:58:24,c8
2024-04-19 06:06:00,c4
2024-04-19 05:04:46,c6
2024-04-19 22:56:08,c7
2024-04-19 15:39:01,c5
2024-04-19 11:32:55,c2
2024-04-19 23:15:29,c2
2024-04-19 15:08:22,c6
2024-04-19 23:35:40,c7
2024-04-20 13:56:00,c7
2024-04-20 22:55:15,c1
2024-04-20 09:21:21,c8
2024-04-20 10:52:09,c2
2024-04-20 22:48:45,c8
2024-04-20 07:26:31,c6
2024-04-20 19:31:05,c6
2024-04-21 13:13:49,c5
2024-04-21 10:52:06,c1
2024-04-21 05:19:12,c8
2024-04-21 11:11:55,c5
2024-04-21 23:17:37,c6
2024-04-21 20:53:37,c8
2024-04-22 17:43:30,c2
2024-04-22 03:01:44,c2
2024-04-22 23:20:08,c7
2024-04-22 22:26:58,c7
2024-04-22 12:01:28,c2
2024-04-22 04:24:00,c6
2024-04-22 13:56:50,c8
2024-04-23 10:34:47,c1
2024-04-23 17:26:57,c1
2024-04-23 06:26:21,c4
2024-04-23 15:47:10,c4
2024-04-24 18:37:47,c5
2024-04-24 14:00:07,c1
2024-04-24 21:33:24,c3
2024-04-24 17:18:56,c2
2024-04-24 13:43:04,c5
2024-04-24 18:55:43,c3
2024-04-25 08:14:05,c3
2024-04-25 03:07:00,c5
2024-04-25 13:04:34,c2
2024-04-25 07:01:45,c6
2024-04-25 13:19:14,c4
2024-04-25 16:09:17,c8
2024-04-25 02:05:10,c3
2024-04-25 23:37:33,c2
2024-04-25 18:03:58,c7
2024-04-26 05:32:04,c1
2024-04-26 20:34:08,c3
2024-04-26 11:42:50,c7
2024-04-27 15:02:32,c8
2024-04-27 23:41:26,c5
2024-04-27 16:51:01,c5
2024-04-27 09:14:24,c5
2024-04-27 06:06:38,c7
2024-04-27 11:34:38,c2
2024-04-27 13:39:02,c5
2024-04-27 23:07:59,c8
2024-04-27 11:02:21,c8
2024-04-27 05:37:27,c4
2024-04-28 18:30:15,c7
2024-04-28 01:52:20,c5
2024-04-28 07:26:49,c4
2024-04-28 22:40:35,c5
2024-04-28 00:44:53,c8
2024-04-28 18:50:17,c3
2024-04-28 23:39:52,c6
2024-04-29 03:38:11,c6
2024-04-29 18:19:52,c7
2024-04-29 12:40:44,c8
2024-04-29 09:08:16,c3
2024-04-29 11:33:56,c7
2024-04-29 08:47:40,c6
2024-04-29 18:18:14,c2
2024-04-29 10:21:10,c6
2024-04-30 06:14:35,c6
2024-05-01 14:56:52,c5
2024-05-01 11:40:55,c2
2024-05-01 09:26:40,c2
2024-05-01 21:29:48,c2
2024-05-02 23:49:25,c4
2024-05-02 06:40:31,c5
2024-05-03 19:36:12,c6
2024-05-03 23:00:42,c1
2024-05-03 14:20:46,c8
2024-05-03 00:27:35,c5
2024-05-04 18:54:58,c1
2024-05-05 22:55:29,c2
2024-05-06 04:59:25,c6
2024-05-06 16:24:16,c6
2024-05-06 10:27:15,c8
2024-05-06 05:38:02,c1
2024-05-06 07:43:57,c8
2024-05-06 13:35:47,c7
2024-05-06 13:39:19,c6
2024-05-06 04:15:34,c8
2024-05-06 03:36:51,c7
2024-05-07 00:49:02,c2
2024-05-08 22:10:23,c4
2024-05-08 16:30:53,c6
2024-05-08 19:13:42,c6
2024-05-09 09:04:55,c2
2024-05-09 16:35:57,c8
2024-05-09 14:21:55,c3
2024-05-09 19:26:47,c8
2024-05-10 20:37:22,c5
2024-05-11 14:43:36,c2
2024-05-11 10:12:29,c6
2024-05-11 19:25:26,c7
2024-05-12 19:31:07,c6
2024-05-12 02:13:09,c7
2024-05-12 09:03:48,c6
2024-05-12 14:27:35,c1
2024-05-12 08:26:57,c5
2024-05-12 00:48:27,c1
2024-05-12 11:52:25,c7
2024-05-12 03:27:24,c2
2024-05-13 15:06:23,c6
2024-05-13 11:26:19,c7
2024-05-13 07:24:27,c4
2024-05-13 07:07:20,c5
2024-05-13 18:02:55,c3
2024-05-14 15:06:40,c4
2024-05-15 17:09:09,c2
2024-05-15 03:34:36,c6
2024-05-15 06:51:09,c2
2024-05-15 12:25:53,c5
2024-05-15 12:16:54,c2
2024-05-15 16:03:05,c3
2024-05-15 07:39:29,c1
2024-05-15 14:46:20,c8
2024-05-15 15:03:20,c6
2024-05-15 21:34:43,c6
2024-05-16 15:12:56,c4
2024-05-16 10:19:13,c5
2024-05-16 05:24:09,c5
2024-05-16 16:07:39,c2
2024-05-17 14:05:14,c3
2024-05-17 20:38:48,c1
2024-05-18 13:11:09,c7
2024-05-18 01:57:11,c7
2024-05-18 03:33:08,c4
2024-05-19 01:40:08,c6
2024-05-19 07:21:10,c4
2024-05-19 13:13:56,c4
2024-05-19 01:55:18,c1
2024-05-19 05:45:35,c4
2024-05-19 21:17:23,c7
2024-05-19 15:14:08,c3
2024-05-20 13:12:41,c3
2024-05-20 20:10:20,c2
2024-05-21 16:48:39,c7
2024-05-21 00:57:05,c8
2024-05-21 22:55:54,c6
2024-05-21 13:06:17,c3
2024-05-21 19:06:54,c7
2024-05-21 11:03:59,c8
2024-05-21 12:30:38,c1
2024-05-21 12:22:52,c8
2024-05-21 10:15:17,c5
2024-05-21 17:59:31,c2
2024-05-22 13:04:06,c3
2024-05-23 18:10:13,c6
2024-05-23 01:35:21,c7
2024-05-23 03:33:27,c2
2024-05-23 10:21:32,c4
2024-05-23 08:34:28,c5
2024-05-23 01:01:04,c6
2024-05-24 05:40:06,c3
2024-05-24 09:14:53,c6
2024-05-24 01:16:37,c2
2024-05-24 02:06:04,c5
2024-05-25 23:43:01,c3
2024-05-25 18:25:38,c4
2024-05-25 07:15:13,c7
2024-05-25 14:32:44,c7
2024-05-25 02:36:28,c2
2024-05-26 11:20:00,c8
2024-05-26 00:43:22,c1
2024-05-26 03:51:01,c5
2024-05-26 07:39:57,c4
2024-05-26 03:52:53,c2
2024-05-27 03:37:33,c7
2024-05-27 03:12:14,c1
2024-05-28 19:12:32,c8
2024-05-28 14:00:36,c2
2024-05-28 17:21:06,c8
2024-05-28 03:44:51,c8
2024-05-28 19:56:20,c2
2024-05-28 15:50:59,c2
2024-05-28 22:30:24,c4
2024-05-28 19:20:41,c3
2024-05-28 03:52:29,c3
2024-05-29 11:20:11,c6
2024-05-29 11:05:22,c3
2024-05-29 03:32:42,c2
2024-05-30 14:11:06,c1
2024-05-30 15:51:04,c5
2024-05-30 09:37:49,c3
2024-05-30 02:58:06,c5
2024-05-30 07:55:41,c3
2024-05-30 18:14:16,c6
2024-05-30 13:07:11,c4
2024-05-30 02:56:42,c3
2024-05-31 20:01:54,c1
2024-05-31 21:52:36,c2
2024-05-31 01:00:46,c7
2024-05-31 23:52:46,c4
2024-05-31 06:09:44,c7
2024-05-31 11:15:43,c5
2024-05-31 19:25:45,c7
2024-05-31 22:01:49,c5
2024-06-01 13:11:37,c2
2024-06-01 10:08:51,c3
2024-06-01 05:23:05,c6
2024-06-02 00:53:34,c5
2024-06-02 16:13:53,c3
2024-06-02 00:18:54,c3
2024-06-02 13:20:25,c2
2024-06-02 06:35:35,c2
2024-06-02 16:45:46,c3
2024-06-03 13:08:01,c5
2024-06-03 18:09:56,c5
2024-06-03 20:53:20,c8
2024-06-03 04:56:23,c7
2024-06-03 23:20:46,c6
2024-06-04 12:25:38,c5
2024-06-04 03:38:40,c1
2024-06-04 23:32:19,c7
2024-06-05 17:35:08,c5
2024-06-05 11:44:04,c3
2024-06-05 15:26:02,c7
2024-06-05 12:37:42,c8
2024-06-05 07:41:13,c7
2024-06-05 13:26:34,c7
2024-06-05 00:15:34,c7
2024-06-05 23:06:22,c2
2024-06-06 05:22:58,c2
2024-06-06 12:55:37,c5
2024-06-06 23:52:28,c4
2024-06-06 07:19:11,c7
2024-06-06 12:57:15,c2
2024-06-06 09:04:07,c6
2024-06-06 11:03:09,c7
2024-06-06 01:05:41,c2
2024-06-06 02:21:51,c2
2024-06-06 17:10:08,c6
2024-06-07 18:53:17,c3
2024-06-08 22:37:34,c8
2024-06-08 13:41:42,c2
2024-06-08 19:46:27,c3
2024-06-08 06:53:16,c3
2024-06-08 10:02:50,c2
2024-06-08 00:47:56,c4
2024-06-08 12:12:52,c8
2024-06-08 20:15:07,c7
2024-06-08 22:00:18,c6
2024-06-08 23:49:28,c5
2024-06-09 15:06:23,c7
2024-06-09 16:35:57,c8
2024-06-09 14:00:36,c8
2024-06-10 11:27:40,c1
2024-06-10 01:09:18,c4
2024-06-10 00:59:50,c2
2024-06-10 12:05:07,c5
2024-06-10 03:46:07,c6
2024-06-11 07:34:16,c4
2024-06-11 18:29:31,c5
2024-06-11 05:14:41,c4
2024-06-11 09:52:08,c2
2024-06-11 18:55:42,c3
2024-06-12 04:14:47,c2
2024-06-12 05:00:53,c6
2024-06-12 01:35:46,c8
2024-06-12 01:33:07,c2
2024-06-12 00:24:17,c8
2024-06-12 17:36:35,c8
2024-06-12 16:57:19,c6
2024-06-12 22:18:01,c8
2024-06-13 18:18:32,c8
2024-06-13 21:21:37,c8
2024-06-13 09:35:34,c8
2024-06-13 17:17:21,c1
2024-06-14 00:07:26,c8
2024-06-14 02:44:33,c7
2024-06-14 04:18:20,c1
2024-06-14 14:13:29,c5
2024-06-14 18:29:22,c4
2024-06-14 23:16:44,c5
2024-06-14 16:45:19,c7
2024-06-14 23:13:30,c1
2024-06-15 06:28:46,c2
2024-06-15 14:48:09,c6
2024-06-15 00:55:10,c8
2024-06-15 19:32:03,c8
2024-06-15 21:39:46,c7
2024-06-15 00:37:44,c1
2024-06-16 01:00:21,c7
2024-06-16 21:28:08,c7
2024-06-16 18:56:05,c5
2024-06-16 11:29:55,c8
2024-06-16 08:24:55,c6
2024-06-16 03:45:35,c3
2024-06-16 14:57:32,c1
2024-06-17 04:42:56,c5
2024-06-17 10:48:45,c2
2024-06-17 08:28:18,c1
2024-06-17 00:25:06,c2
2024-06-18 16:07:28,c4
2024-06-18 11:26:21,c4
2024-06-18 05:28:59,c7
2024-06-18 03:46:07,c3
2024-06-18 21:50:33,c8
2024-06-18 23:46:47,c5
2024-06-18 03:39:54,c6
2024-06-18 04:19:29,c8
2024-06-18 23:06:30,c4
2024-06-18 15:05:27,c1
2024-06-19 22:58:41,c6
2024-06-19 11:00:25,c6
2024-06-19 05:54:36,c4
2024-06-19 20:59:43,c2
2024-06-19 18:24:35,c2
2024-06-19 09:36:12,c8
2024-06-19 06:09:19,c3
2024-06-20 08:24:29,c6
2024-06-20 02:47:52,c6
2024-06-20 14:18:30,c7
2024-06-20 17:42:40,c7
2024-06-20 00:38:18,c2
2024-06-20 02:24:18,c2
2024-06-21 02:13:39,c7
2024-06-21 03:15:16,c6
2024-06-22 20:49:44,c8
2024-06-22 02:41:34,c5
2024-06-22 00:29:57,c2
2024-06-22 18:40:08,c5
2024-06-22 13:27:56,c7
2024-06-22 02:41:10,c3
2024-06-22 14:20:50,c6
2024-06-22 18:04:44,c5
2024-06-22 04:55:25,c8
2024-06-23 14:45:48,c4
2024-06-23 11:35:28,c8
2024-06-23 12:46:45,c5
2024-06-23 18:45:44,c2
2024-06-23 07:03:33,c2
2024-06-23 16:04:53,c5
2024-06-23 02:39:37,c2
2024-06-23 10:15:29,c7
2024-06-23 05:42:32,c4
2024-06-24 12:44:04,c1
2024-06-24 13:27:12,c5
2024-06-24 13:31:14,c3
2024-06-24 13:16:37,c8
2024-06-25 22:17:34,c7
2024-06-25 11:40:44,c8
2024-06-25 16:32:42,c7
2024-06-25 10:48:25,c5
2024-06-25 06:08:15,c6
2024-06-25 17:45:14,c2
2024-06-25 21:20:13,c6
2024-06-25 12:21:03,c2
2024-06-26 19:42:39,c7
2024-06-26 05:23:34,c5
2024-06-26 15:47:36,c5
2024-06-26 22:58:16,c5
2024-06-26 17:44:06,c1
2024-06-27 22:27:47,c3
2024-06-27 23:46:41,c5
2024-06-27 09:46:39,c3
2024-06-27 20:56:24,c3
2024-06-27 11:11:56,c3
2024-06-27 02:30:14,c8
2024-06-28 09:37:41,c5
2024-06-28 05:06:57,c7
2024-06-28 02:37:31,c2
2024-06-28 15:13:04,c8
2024-06-28 10:10:25,c6
2024-06-28 09:32:44,c2
2024-06-28 14:50:10,c1
2024-06-28 20:20:41,c4
2024-06-28 16:42:10,c1
2024-06-29 06:15:09,c4
2024-06-29 20:53:09,c5
2024-06-29 03:02:40,c2
2024-06-29 11:56:44,c6
2024-06-29 21:45:10,c1
2024-06-29 00:50:19,c1
2024-06-29 08:51:15,c1
2024-06-30 02:53:45,c3
2024-06-30 03:34:45,c1
2024-07-01 01:16:30,c1
2024-07-01 08:32:35,c1
2024-07-02 09:15:22,c6
2024-07-02 11:33:29,c5
2024-07-02 02:36:12,c7
2024-07-02 04:24:42,c3
2024-07-03 00:49:50,c4
2024-07-03 13:00:11,c8
2024-07-03 01:26:08,c6
2024-07-03 02:42:32,c6
2024-07-03 10:16:39,c8
2024-07-03 21:26:08,c4
2024-07-03 03:54:04,c5
2024-07-03 01:13:31,c3
2024-07-03 15:29:58,c7
2024-07-03 02:17:43,c8
2024-07-04 03:15:22,c3
2024-07-04 13:11:24,c1
2024-07-04 21:17:03,c1
2024-07-04 13:31:08,c6
2024-07-04 22:29:04,c7
2024-07-04 00:45:01,c7
2024-07-04 01:05:40,c2
2024-07-04 00:04:56,c6
2024-07-04 03:59:32,c7
2024-07-05 01:58:40,c2
2024-07-05 21:50:00,c7
2024-07-05 19:53:03,c7
2024-07-05 18:22:32,c1
2024-07-06 04:50:06,c5
2024-07-06 16:16:10,c2
2024-07-06 15:10:16,c8
2024-07-06 13:52:32,c8
2024-07-06 05:02:42,c4
2024-07-06 21:56:39,c4
2024-07-06 05:08:28,c5
2024-07-06 19:57:35,c1
2024-07-06 16:34:14,c1
2024-07-06 11:43:05,c7
2024-07-07 17:51:30,c8
2024-07-07 19:47:51,c3
2024-07-07 10:04:06,c3
2024-07-07 17:20:07,c3
2024-07-07 10:22:45,c2
2024-07-07 23:59:46,c5
2024-07-07 19:40:34,c5
2024-07-07 01:21:17,c6
2024-07-07 22:46:08,c5
2024-07-07 10:47:06,c5
2024-07-08 15:51:32,c3
2024-07-08 13:06:39,c8
2024-07-08 01:06:27,c7
2024-07-08 12:48:40,c3
2024-07-08 14:33:46,c6
2024-07-08 16:13:15,c4
2024-07-08 01:16:59,c5
2024-07-08 13:12:24,c2
2024-07-08 02:06:05,c1
2024-07-08 09:58:03,c2
2024-07-09 04:31:38,c8
2024-07-09 13:23:13,c8
2024-07-10 01:20:36,c2
2024-07-10 00:42:53,c6
2024-07-10 02:16:55,c7
2024-07-10 15:43:46,c4
2024-07-10 12:54:36,c4
2024-07-11 19:47:05,c1
2024-07-11 06:58:34,c7
2024-07-11 13:21:34,c6
2024-07-11 23:11:05,c7
2024-07-11 04:02:17,c5
2024-07-11 06:50:52,c7
2024-07-11 01:52:01,c4
2024-07-12 12:34:03,c3
2024-07-12 15:34:03,c8
2024-07-12 14:10:37,c6
2024-07-12 15:39:17,c5
2024-07-12 15:04:47,c7
2024-07-12 23:07:00,c8
2024-07-12 02:38:18,c3
2024-07-12 23:06:11,c4
2024-07-12 15:37:54,c5
2024-07-12 14:04:04,c3
2024-07-13 18:49:00,c3
2024-07-13 05:28:51,c1
2024-07-14 20:49:34,c2
2024-07-15 05:39:49,c8
2024-07-15 10:21:32,c2
2024-07-15 03:23:15,c2
2024-07-15 09:03:50,c7
2024-07-15 06:27:17,c4
2024-07-15 03:49:44,c7
2024-07-15 19:18:00,c1
2024-07-16 03:39:36,c7
2024-07-16 05:38:48,c2
2024-07-16 15:58:44,c5
2024-07-17 05:02:52,c1
2024-07-18 09:30:28,c5
2024-07-18 16:58:44,c7
2024-07-18 02:32:29,c5
2024-07-18 23:54:04,c5
2024-07-18 16:31:44,c5
2024-07-18 23:57:12,c4
2024-07-18 06:03:58,c4
2024-07-18 07:11:19,c8
2024-07-18 17:33:44,c7
2024-07-19 11:36:41,c5
2024-07-19 03:46:18,c1
2024-07-19 04:05:31,c8
2024-07-19 04:45:35,c2
2024-07-20 04:31:13,c4
2024-07-20 04:00:35,c4
2024-07-20 06:10:03,c2
2024-07-20 07:08:24,c6
2024-07-20 07:52:30,c6
2024-07-21 04:28:53,c7
2024-07-21 18:56:45,c4
2024-07-21 21:55:07,c1
2024-07-21 12:41:05,c6
2024-07-21 03:58:34,c3
2024-07-21 17:42:34,c6
2024-07-21 15:15:54,c5
2024-07-21 00:34:40,c8
2024-07-21 20:04:03,c6
2024-07-21 19:00:25,c2
2024-07-22 21:41:55,c7
2024-07-23 19:42:00,c3
2024-07-23 02:28:19,c3
2024-07-23 19:38:35,c2
2024-07-24 20:12:45,c1
2024-07-24 19:22:38,c8
2024-07-24 21:28:51,c4
2024-07-24 03:21:50,c8
2024-07-24 06:59:57,c2
2024-07-24 07:00:33,c7
2024-07-24 20:26:06,c3
2024-07-24 00:13:33,c8
2024-07-25 06:02:32,c3
2024-07-25 00:15:27,c4
2024-07-25 23:25:42,c3
2024-07-25 21:05:45,c2
2024-07-25 05:55:23,c8
2024-07-25 03:06:28,c7
2024-07-25 03:50:13,c4
2024-07-26 19:54:15,c5
2024-07-26 18:53:48,c4
2024-07-26 06:51:04,c3
2024-07-26 14:04:56,c1
2024-07-27 13:24:43,c8
2024-07-27 07:08:09,c3
2024-07-27 12:02:15,c2
2024-07-28 14:25:37,c2
2024-07-28 13:03:13,c6
2024-07-28 02:05:30,c3
2024-07-28 08:17:06,c3
2024-07-28 21:29:46,c1
2024-07-28 09:53:03,c2
2024-07-29 18:45:57,c3
2024-07-29 20:40:59,c2
2024-07-29 02:16:49,c6
2024-07-29 00:35:35,c6
2024-07-29 06:44:38,c7
2024-07-29 06:36:22,c4
2024-07-29 06:26:45,c8
2024-07-29 23:36:12,c6
2024-07-29 23:02:15,c3
2024-07-29 11:46:14,c2
2024-07-30 13:04:24,c4
2024-07-30 21:52:21,c2
2024-07-30 17:09:38,c7
2024-07-30 18:30:20,c6
2024-07-30 00:51:39,c2
2024-07-30 20:12:44,c7
2024-07-30 12:40:41,c5
2024-07-30 13:52:26,c6
2024-07-31 05:04:59,c1
2024-07-31 20:48:33,c6
2024-07-31 06:38:45,c4
2024-07-31 16:06:13,c5
2024-07-31 12:26:20,c8
2024-07-31 10:42:14,c3
2024-07-31 16:24:49,c4
2024-08-01 18:59:10,c5
2024-08-01 20:17:12,c5
2024-08-01 13:57:48,c6
2024-08-01 22:39:56,c1
2024-08-01 09:09:17,c6
2024-08-01 17:36:24,c8
2024-08-01 23:06:59,c5
2024-08-02 01:54:41,c8
2024-08-02 04:20:24,c1
2024-08-02 01:21:22,c7
2024-08-02 17:24:00,c3
2024-08-02 13:07:28,c3
2024-08-02 15:13:17,c6
2024-08-03 19:24:49,c6
2024-08-03 07:26:17,c6
2024-08-04 00:03:17,c3
2024-08-04 09:33:29,c6
2024-08-05 03:19:23,c3
2024-08-05 06:31:03,c2
2024-08-05 12:57:33,c1
2024-08-06 18:18:15,c3
2024-08-06 03:08:20,c4
2024-08-06 17:37:26,c1
2024-08-06 01:17:06,c8
2024-08-07 02:39:14,c6
2024-08-07 13:31:57,c7
2024-08-07 00:38:52,c2
2024-08-07 19:36:23,c1
2024-08-08 14:44:32,c4
2024-08-08 16:33:38,c4
2024-08-08 03:21:33,c8
2024-08-08 23:07:32,c4
2024-08-08 22:16:03,c5
2024-08-08 22:52:37,c5
2024-08-08 11:37:25,c3
2024-08-08 12:52:04,c4
2024-08-08 00:23:51,c4
2024-08-09 08:53:32,c5
2024-08-09 20:49:01,c4
2024-08-09 20:26:30,c3
2024-08-09 18:16:34,c5
2024-08-09 23:40:14,c6
2024-08-09 17:13:36,c7
2024-08-09 18:25:04,c8
2024-08-09 18:31:25,c6
2024-08-09 21:26:37,c3
2024-08-09 22:29:05,c7
2024-08-10 21:50:10,c5
2024-08-10 21:00:55,c1
2024-08-10 12:59:29,c1
2024-08-10 15:34:03,c5
2024-08-10 21:56:07,c8
2024-08-10 21:02:20,c7
2024-08-10 17:10:19,c4
2024-08-10 22:24:09,c5
2024-08-11 14:08:53,c3
2024-08-12 13:04:27,c1
2024-08-12 11:52:57,c5
2024-08-12 05:22:02,c8
2024-08-12 10:59:47,c2
2024-08-13 22:08:15,c2
2024-08-14 11:58:04,c4
2024-08-14 05:30:13,c2
2024-08-14 21:23:28,c3
2024-08-14 00:36:00,c5
2024-08-14 02:42:04,c1
2024-08-14 06:21:06,c3
2024-08-14 07:52:21,c7
2024-08-14 15:58:17,c6
2024-08-15 21:58:56,c5
2024-08-15 20:31:05,c5
2024-08-15 02:28:37,c2
2024-08-16 12:19:46,c7
2024-08-17 03:54:15,c3
2024-08-17 04:39:42,c4
2024-08-17 04:51:52,c8
2024-08-17 23:14:06,c1
2024-08-17 19:42:57,c7
2024-08-18 03:14:05,c8
2024-08-18 00:06:18,c7
2024-08-18 21:20:40,c1
2024-08-18 07:11:53,c7
2024-08-19 09:04:39,c6
2024-08-19 21:11:52,c4
2024-08-20 02:51:05,c1
2024-08-20 18:46:09,c7
2024-08-20 09:44:33,c8
2024-08-20 17:02:46,c5
2024-08-20 02:12:23,c6
2024-08-21 18:16:49,c1
2024-08-21 00:39:52,c8
2024-08-21 01:42:59,c4
2024-08-21 06:41:37,c7
2024-08-22 16:11:03,c8
2024-08-22 13:57:32,c5
2024-08-22 10:59:04,c7
2024-08-22 22:29:00,c6
2024-08-22 04:25:51,c5
2024-08-22 04:15:42,c6
2024-08-22 19:19:19,c1
2024-08-22 18:49:46,c2
2024-08-23 04:03:58,c8
2024-08-23 13:27:42,c1
2024-08-23 02:43:07,c3
2024-08-23 16:56:48,c4
2024-08-23 19:46:21,c8
2024-08-23 03:26:22,c8
2024-08-23 18:09:02,c8
2024-08-23 19:30:51,c4
2024-08-23 16:21:31,c4
2024-08-23 08:53:55,c4
2024-08-24 07:56:40,c7
2024-08-24 13:27:20,c6
2024-08-24 09:46:26,c8
2024-08-24 13:08:28,c7
2024-08-24 19:54:38,c6
2024-08-24 16:44:40,c5
2024-08-24 20:21:32,c7
2024-08-25 21:23:45,c3
2024-08-25 11:38:45,c3
2024-08-25 00:48:42,c3
2024-08-25 23:39:36,c7
2024-08-25 03:17:15,c4
2024-08-25 12:45:57,c3
2024-08-26 17:58:20,c5
2024-08-26 06:59:07,c8
2024-08-26 11:05:34,c1
2024-08-27 00:35:13,c3
2024-08-28 16:25:23,c8
2024-08-28 03:12:14,c7
2024-08-28 18:46:09,c4
2024-08-28 22:25:27,c3
2024-08-28 12:19:24,c2
2024-08-28 03:50:11,c8
2024-08-28 18:06:37,c4
2024-08-28 20:15:36,c8
2024-08-28 09:47:30,c2
2024-08-29 13:06:57,c2
2024-08-29 10:18:14,c8
2024-08-29 13:24:30,c6
2024-08-29 09:20:37,c2
2024-08-29 05:18:47,c8
2024-08-29 09:55:39,c8
2024-08-29 14:52:01,c7
2024-08-29 21:37:34,c5
2024-08-29 19:38:58,c4
2024-08-29 14:10:19,c3
2024-08-30 01:56:37,c3
2024-08-30 03:21:04,c4
2024-08-31 00:41:24,c1
2024-08-31 23:43:20,c8
2024-08-31 00:06:55,c6
2024-08-31 06:48:31,c2
2024-08-31 20:55:44,c6
2024-08-31 22:49:10,c6
2024-08-31 17:13:26,c3
2024-09-01 18:41:25,c8
2024-09-01 02:46:48,c1
2024-09-01 23:02:07,c5
2024-09-01 10:42:56,c1
2024-09-01 13:32:54,c3
2024-09-01 17:23:35,c7
2024-09-01 20:11:07,c6
2024-09-01 01:15:07,c7
2024-09-01 04:51:39,c3
2024-09-01 07:36:26,c7
2024-09-02 16:47:27,c2
2024-09-02 22:49:57,c4
2024-09-02 13:28:51,c6
2024-09-02 15:40:12,c1
2024-09-02 14:30:01,c5
2024-09-03 08:26:33,c4
2024-09-03 06:53:26,c5
2024-09-04 07:11:17,c3
2024-09-04 02:12:43,c6
2024-09-05 03:01:32,c8
2024-09-05 01:53:52,c2
2024-09-05 13:27:09,c5
2024-09-05 07:08:40,c2
2024-09-05 14:01:44,c3
2024-09-06 17:22:39,c7
2024-09-06 12:37:31,c5
2024-09-06 13:35:04,c6
2024-09-06 12:15:37,c5
2024-09-06 01:27:06,c3
2024-09-06 03:31:44,c1
2024-09-06 01:00:30,c2
2024-09-06 15:52:16,c3
2024-09-07 16:47:09,c8
2024-09-07 23:10:04,c1
2024-09-07 22:15:36,c1
2024-09-07 18:51:23,c1
2024-09-08 10:05:26,c3
2024-09-08 08:37:58,c4
2024-09-08 09:08:21,c3
2024-09-09 22:08:40,c3
2024-09-09 20:29:25,c8
2024-09-09 00:31:12,c4
2024-09-09 13:32:46,c7
2024-09-09 11:37:03,c1
2024-09-09 04:06:45,c8
2024-09-09 01:57:29,c2
2024-09-09 05:01:28,c7
2024-09-10 22:14:51,c1
2024-09-10 12:14:41,c7
2024-09-10 19:33:36,c3
2024-09-10 16:16:29,c8
2024-09-10 23:18:56,c4
2024-09-10 14:45:01,c5
2024-09-10 07:03:25,c3
2024-09-11 12:28:33,c7
2024-09-12 21:53:49,c6
2024-09-12 07:48:46,c7
2024-09-12 18:49:17,c5
2024-09-12 05:58:01,c8
2024-09-13 17:40:43,c3
2024-09-13 20:27:28,c2
2024-09-13 02:06:34,c1
2024-09-13 21:43:23,c7
2024-09-14 04:00:23,c3
2024-09-14 12:38:08,c1
2024-09-14 05:10:50,c2
2024-09-14 13:55:26,c1
2024-09-14 23:51:48,c1
2024-09-14 16:02:33,c7
2024-09-15 18:28:50,c7
2024-09-15 03:01:29,c8
2024-09-15 01:02:12,c2
2024-09-15 07:57:57,c5
2024-09-15 05:24:05,c4
2024-09-15 17:07:58,c5
2024-09-15 03:11:26,c4
2024-09-15 13:08:43,c1
2024-09-16 19:42:09,c7
2024-09-16 15:19:34,c8
2024-09-16 01:08:26,c6
2024-09-16 05:20:20,c5
2024-09-16 09:44:52,c1
2024-09-16 16:51:26,c1
2024-09-16 10:59:00,c5
2024-09-16 22:29:48,c2
2024-09-16 12:58:23,c4
2024-09-16 04:40:04,c3
2024-09-17 01:37:53,c2
2024-09-17 05:57:17,c3
2024-09-17 04:23:25,c6
2024-09-17 11:16:50,c1
2024-09-17 07:27:34,c6
2024-09-17 01:39:10,c3
2024-09-18 00:45:05,c3
2024-09-18 08:47:14,c5
2024-09-18 05:45:28,c7
2024-09-18 04:52:51,c1
2024-09-18 13:15:55,c6
2024-09-19 00:56:23,c7
2024-09-19 17:15:15,c5
2024-09-19 14:55:59,c3
2024-09-19 04:00:49,c7
2024-09-19 08:15:57,c7
2024-09-19 13:52:02,c1
2024-09-19 14:23:35,c6
2024-09-19 23:54:08,c4
2024-09-19 12:09:29,c1
2024-09-19 08:44:45,c4
2024-09-20 14:28:37,c5
2024-09-21 18:33:05,c6
2024-09-21 04:36:05,c3
2024-09-22 02:56:42,c7
2024-09-22 18:01:52,c5
2024-09-22 01:59:07,c4
2024-09-23 15:17:00,c4
2024-09-23 17:15:28,c3
2024-09-23 03:10:08,c8
2024-09-23 04:15:18,c7
2024-09-23 18:55:49,c7
2024-09-24 10:59:58,c2
2024-09-24 18:50:56,c7
2024-09-25 14:20:57,c8
2024-09-25 12:17:39,c1
2024-09-25 03:56:22,c5
2024-09-25 03:58:14,c6
2024-09-25 08:56:26,c5
2024-09-25 20:38:07,c4
2024-09-25 18:56:04,c4
2024-09-26 01:28:50,c4
2024-09-26 01:53:18,c1
2024-09-26 17:56:44,c6
2024-09-26 23:28:01,c6
2024-09-27 05:47:03,c6
2024-09-27 20:09:18,c7
2024-09-27 18:07:05,c7
2024-09-27 07:16:56,c7
2024-09-28 04:13:05,c2
2024-09-28 04:16:30,c2
2024-09-28 18:49:24,c2
2024-09-28 03:00:56,c3
2024-09-29 09:31:36,c6
2024-09-29 20:32:08,c1
2024-09-29 11:01:56,c3
2024-09-29 20:44:59,c5
2024-09-29 18:07:45,c5
2024-09-29 12:48:35,c2
2024-09-30 22:37:56,c5
2024-09-30 11:13:19,c2
2024-09-30 04:18:05,c2
2024-09-30 20:23:00,c1
2024-09-30 09:28:26,c2
2024-10-01 15:54:48,c5
2024-10-01 05:07:28,c7
2024-10-01 00:13:08,c8
2024-10-01 15:51:33,c4
2024-10-01 17:24:56,c1
2024-10-01 23:01:47,c2
2024-10-02 05:04:30,c8
2024-10-02 13:26:44,c4
2024-10-03 00:26:56,c8
2024-10-03 18:40:05,c6
2024-10-03 18:00:31,c5
2024-10-03 13:01:07,c7
2024-10-04 10:23:03,c5
2024-10-04 10:15:41,c8
2024-10-04 02:25:19,c3
2024-10-04 08:41:33,c1
2024-10-05 20:56:07,c1
2024-10-05 04:58:08,c3
2024-10-05 08:44:20,c6
2024-10-05 10:23:02,c7
2024-10-05 05:19:10,c3
2024-10-05 01:09:11,c2
2024-10-05 19:06:06,c6
2024-10-05 03:04:22,c5
2024-10-05 06:43:15,c3
2024-10-06 08:44:04,c7
2024-10-06 11:08:45,c5
2024-10-06 23:42:54,c8
2024-10-06 00:32:00,c4
2024-10-06 13:33:43,c8
2024-10-06 21:15:12,c2
2024-10-06 20:55:04,c4
2024-10-07 06:31:34,c7
2024-10-07 16:52:00,c5
2024-10-07 08:35:41,c8
2024-10-07 16:10:31,c4
2024-10-07 20:27:13,c3
2024-10-07 05:36:59,c2
2024-10-08 20:21:25,c5
2024-10-08 13:50:23,c6
2024-10-08 00:37:51,c5
2024-10-08 11:14:00,c8
2024-10-08 19:42:19,c5
2024-10-08 16:40:56,c6
2024-10-08 06:36:39,c8
2024-10-08 19:41:13,c8
2024-10-09 20:58:25,c6
2024-10-09 23:47:10,c3
2024-10-10 08:10:34,c5
2024-10-10 17:11:48,c7
2024-10-11 23:34:36,c7
2024-10-11 21:50:29,c6
2024-10-12 09:52:35,c1
2024-10-12 09:51:28,c5
2024-10-12 08:06:12,c2
2024-10-12 02:51:53,c7
2024-10-12 11:19:10,c7
2024-10-12 13:38:46,c6
2024-10-12 00:09:42,c5
2024-10-12 17:27:05,c1
2024-10-13 04:33:06,c8
2024-10-13 09:52:33,c5
2024-10-14 17:24:16,c4
2024-10-14 10:21:30,c4
2024-10-14 11:50:53,c4
2024-10-14 02:44:11,c2
2024-10-14 15:35:20,c7
2024-10-14 07:56:13,c4
2024-10-15 04:22:02,c5
2024-10-15 05:48:31,c6
2024-10-15 21:58:18,c6
2024-10-16 20:08:28,c8
2024-10-16 05:13:41,c5
2024-10-16 03:44:26,c7
2024-10-16 14:54:26,c4
2024-10-16 22:19:46,c7
2024-10-16 03:46:54,c4
2024-10-16 11:33:09,c2
2024-10-16 05:42:37,c4
2024-10-17 05:20:00,c4
2024-10-17 14:59:13,c3
2024-10-18 07:17:08,c5
2024-10-18 07:23:57,c6
2024-10-18 06:32:22,c7
2024-10-18 04:43:39,c4
2024-10-18 16:31:36,c4
2024-10-18 23:49:45,c5
2024-10-18 08:36:23,c2
2024-10-18 22:54:25,c5
2024-10-19 19:32:34,c2
2024-10-19 16:28:15,c6
2024-10-19 15:32:18,c2
2024-10-19 09:14:37,c8
2024-10-20 14:19:25,c3
2024-10-20 23:49:00,c3
2024-10-20 22:37:57,c2
2024-10-21 00:06:41,c4
2024-10-21 19:42:12,c6
2024-10-21 14:51:57,c5
2024-10-21 07:16:47,c2
2024-10-21 13:35:37,c2
2024-10-21 14:19:58,c8
2024-10-21 08:15:55,c2
2024-10-22 16:25:06,c5
2024-10-22 15:21:59,c7
2024-10-22 06:54:53,c5
2024-10-22 15:26:14,c4
2024-10-22 15:13:11,c5
2024-10-22 22:03:18,c4
2024-10-22 20:16:01,c1
2024-10-22 20:25:41,c1
2024-10-22 11:06:44,c6
2024-10-22 13:11:10,c8
2024-10-23 05:12:29,c4
2024-10-23 13:49:22,c7
2024-10-23 09:39:43,c6
2024-10-23 23:11:05,c6
2024-10-24 15:56:38,c6
2024-10-24 03:48:49,c3
2024-10-24 23:19:27,c6
2024-10-24 19:38:35,c6
2024-10-24 18:59:11,c6
2024-10-24 11:07:56,c7
2024-10-24 17:46:11,c4
2024-10-25 02:23:03,c2
2024-10-25 05:47:19,c6
2024-10-25 14:57:24,c4
2024-10-26 05:26:55,c5
2024-10-26 06:05:49,c2
2024-10-27 09:17:08,c8
2024-10-27 09:07:39,c3
2024-10-27 06:09:07,c8
2024-10-27 17:06:59,c3
2024-10-27 18:24:20,c4
2024-10-27 00:38:54,c5
2024-10-27 23:13:05,c6
2024-10-27 18:41:13,c7
2024-10-27 22:32:02,c3
2024-10-27 11:20:04,c2
2024-10-28 23:23:53,c6
2024-10-28 05:59:23,c1
2024-10-28 00:34:03,c5
2024-10-28 06:50:35,c2
2024-10-29 04:10:51,c7
2024-10-29 01:06:00,c5
2024-10-29 14:23:06,c3
2024-10-29 12:08:42,c4
2024-10-29 18:32:09,c6
2024-10-29 12:24:07,c4
2024-10-29 19:43:08,c5
2024-10-29 19:11:04,c2
2024-10-29 02:30:26,c2
2024-10-30 16:42:30,c3
2024-10-30 20:14:50,c1
2024-10-30 18:54:49,c6
2024-10-30 14:06:52,c1
2024-10-30 04:41:33,c1
2024-10-30 03:12:52,c5
2024-10-30 01:07:31,c4
2024-10-30 17:03:50,c4
2024-10-30 11:18:44,c6
2024-10-31 06:54:10,c8
2024-10-31 20:33:01,c7
2024-10-31 09:06:17,c2
2024-10-31 16:50:47,c2
2024-11-01 13:36:06,c5
2024-11-01 08:14:07,c3
2024-11-01 20:37:52,c1
2024-11-01 10:32:35,c8
2024-11-01 05:37:02,c5
2024-11-01 11:34:30,c6
2024-11-01 05:59:13,c4
2024-11-01 14:39:08,c6
2024-11-01 20:12:06,c6
2024-11-02 00:52:09,c1
2024-11-02 09:22:34,c7
2024-11-02 19:46:03,c5
2024-11-02 04:58:45,c1
2024-11-03 21:27:57,c6
2024-11-03 01:59:07,c3
2024-11-03 17:29:27,c6
2024-11-03 08:47:51,c7
2024-11-03 02:51:10,c4
2024-11-03 20:42:56,c5
2024-11-04 03:24:41,c6
2024-11-04 21:02:42,c7
2024-11-04 16:41:08,c5
2024-11-04 17:04:29,c7
2024-11-04 00:43:07,c5
2024-11-04 13:36:16,c5
2024-11-04 06:59:23,c4
2024-11-05 05:11:00,c8
2024-11-05 17:21:00,c8
2024-11-05 08:35:46,c1
2024-11-05 05:58:19,c3
2024-11-05 13:37:08,c7
2024-11-05 02:02:01,c6
2024-11-05 06:13:04,c7
2024-11-05 11:33:26,c8
2024-11-05 07:41:27,c8
2024-11-05 06:38:06,c3
2024-11-06 09:39:57,c4
2024-11-06 14:00:49,c1
2024-11-06 10:58:11,c2
2024-11-06 06:50:16,c6
2024-11-06 19:26:17,c7
2024-11-06 10:22:41,c7
2024-11-06 10:06:45,c3
2024-11-06 20:15:03,c6
2024-11-06 23:25:02,c6
2024-11-06 12:14:39,c2
2024-11-07 05:06:56,c6
2024-11-07 06:46:03,c3
2024-11-08 13:43:25,c1
2024-11-08 10:11:50,c7
2024-11-08 12:59:39,c1
2024-11-08 19:14:24,c8
2024-11-09 06:55:46,c7
2024-11-09 05:55:30,c1
2024-11-09 05:47:54,c8
2024-11-09 06:57:53,c2
2024-11-09 02:54:38,c1
2024-11-09 08:19:37,c4
2024-11-10 15:45:21,c3
2024-11-11 14:31:40,c7
2024-11-11 08:54:17,c7
2024-11-11 02:58:37,c5
2024-11-11 00:36:20,c1
2024-11-11 07:36:43,c7
2024-11-11 15:52:12,c1
2024-11-11 23:40:51,c3
2024-11-11 13:48:18,c4
2024-11-11 05:44:22,c8
2024-11-11 13:02:50,c5
2024-11-12 23:02:52,c2
2024-11-12 07:33:47,c2
2024-11-12 07:57:03,c3
2024-11-12 19:04:52,c6
2024-11-12 03:50:30,c4
2024-11-13 00:15:32,c1
2024-11-13 11:35:13,c1
2024-11-13 12:52:56,c2
2024-11-13 13:20:21,c1
2024-11-14 18:20:08,c6
2024-11-14 05:54:19,c8
2024-11-14 16:38:48,c5
2024-11-15 11:30:47,c5
2024-11-15 00:23:41,c4
2024-11-15 10:20:58,c3
2024-11-16 00:00:02,c1
2024-11-16 08:10:47,c6
2024-11-16 08:18:07,c6
2024-11-16 23:42:32,c8
2024-11-16 12:20:10,c1
2024-11-16 18:14:02,c4
2024-11-16 20:20:54,c8
2024-11-16 10:46:59,c2
2024-11-17 12:17:38,c8
2024-11-17 15:09:53,c3
2024-11-17 23:22:06,c5
2024-11-17 00:33:54,c2
2024-11-17 05:05:45,c2
2024-11-17 16:56:12,c2
2024-11-17 15:40:09,c4
2024-11-17 03:41:11,c2
2024-11-18 09:28:43,c7
2024-11-18 06:16:37,c4
2024-11-18 11:09:03,c4
2024-11-18 02:16:09,c2
2024-11-18 15:01:02,c7
2024-11-19 00:55:55,c1
2024-11-19 22:17:39,c1
2024-11-19 11:06:36,c1
2024-11-20 21:33:12,c2
2024-11-20 17:05:20,c6
2024-11-20 17:50:17,c1
2024-11-20 14:44:04,c5
2024-11-20 01:47:06,c6
2024-11-20 04:55:34,c4
2024-11-21 16:44:16,c8
2024-11-21 03:41:57,c6
2024-11-21 09:17:11,c1
2024-11-21 16:27:46,c7
2024-11-21 03:17:21,c5
2024-11-21 19:32:38,c4
2024-11-21 09:27:40,c5
2024-11-21 10:59:56,c1
2024-11-22 08:24:33,c2
2024-11-22 18:07:00,c5
2024-11-22 09:51:30,c5
2024-11-22 15:59:55,c8
2024-11-22 20:44:28,c6
2024-11-22 23:49:42,c5
2024-11-22 13:22:30,c5
2024-11-22 14:02:39,c7
2024-11-22 13:07:44,c1
2024-11-23 23:44:10,c4
2024-11-23 01:01:26,c5
2024-11-23 02:42:23,c8
2024-11-23 23:22:16,c2
2024-11-23 21:36:50,c8
2024-11-23 03:58:06,c4
2024-11-23 02:05:16,c8
2024-11-23 01:28:32,c4
2024-11-23 00:37:36,c2
2024-11-23 23:40:19,c7
2024-11-24 11:58:55,c6
2024-11-24 00:43:27,c1
2024-11-25 09:54:04,c7
2024-11-25 14:41:00,c7
2024-11-25 04:49:11,c8
2024-11-25 20:30:33,c5
2024-11-25 00:47:39,c1
2024-11-25 10:17:01,c5
2024-11-25 09:41:50,c6
2024-11-25 17:30:48,c4
2024-11-25 18:55:21,c2
2024-11-26 02:09:23,c8
2024-11-26 21:40:30,c8
2024-11-26 01:43:49,c5
2024-11-26 00:57:56,c2
2024-11-26 10:09:55,c3
2024-11-26 02:11:12,c1
2024-11-26 23:02:18,c8
2024-11-26 18:57:43,c4
2024-11-26 23:11:33,c7
2024-11-26 09:27:52,c2
2024-11-27 22:47:20,c3
2024-11-27 03:59:19,c1
2024-11-27 00:16:24,c1
2024-11-27 16:43:26,c7
2024-11-27 06:14:25,c7
2024-11-27 22:17:03,c3
2024-11-27 19:09:35,c7
2024-11-27 15:18:28,c1
2024-11-27 20:03:43,c8
2024-11-28 10:14:35,c3
2024-11-28 20:51:24,c8
2024-11-28 23:47:13,c1
2024-11-28 03:45:43,c3
2024-11-28 15:32:11,c4
2024-11-28 23:00:25,c6
2024-11-28 17:50:46,c3
2024-11-28 20:02:53,c7
2024-11-28 11:11:30,c4
2024-11-28 08:11:05,c2
2024-11-29 04:33:13,c1
2024-11-29 19:52:00,c3
2024-11-29 18:53:13,c1
2024-11-29 10:18:29,c6
2024-11-30 12:59:42,c6
2024-11-30 23:42:56,c8
2024-11-30 07:44:51,c7
2024-11-30 12:53:51,c1
2024-11-30 07:55:17,c8
2024-11-30 10:51:54,c7
2024-12-01 23:43:18,c7
2024-12-02 08:43:34,c6
2024-12-02 17:10:47,c5
2024-12-02 10:24:40,c5
2024-12-03 12:11:02,c8
2024-12-03 08:43:14,c5
2024-12-03 03:10:28,c3
2024-12-03 03:04:17,c8
2024-12-03 03:39:07,c5
2024-12-03 01:23:58,c3
2024-12-03 22:45:12,c8
2024-12-03 19:58:15,c7
2024-12-04 08:16:44,c4
2024-12-04 21:05:21,c3
2024-12-04 21:44:33,c4
2024-12-04 10:46:09,c7
2024-12-04 03:44:03,c5
2024-12-04 02:57:46,c5
2024-12-04 13:16:38,c1
2024-12-04 01:26:49,c1
2024-12-04 16:34:43,c8
2024-12-04 10:17:25,c2
2024-12-05 21:26:22,c1
2024-12-05 05:19:33,c7
2024-12-05 12:51:07,c4
2024-12-05 08:24:59,c2
2024-12-06 01:27:09,c2
2024-12-06 04:38:54,c1
2024-12-06 19:57:25,c3
2024-12-06 21:52:44,c6
2024-12-06 10:33:13,c7
2024-12-06 01:03:28,c2
2024-12-06 00:05:40,c6
2024-12-07 07:29:20,c8
2024-12-07 22:43:21,c4
2024-12-08 09:38:50,c7
2024-12-08 11:28:39,c2
2024-12-08 15:57:12,c5
2024-12-08 21:26:28,c8
2024-12-08 21:23:59,c2
2024-12-09 00:38:28,c8
2024-12-09 01:43:42,c3
2024-12-09 17:53:42,c4
2024-12-09 19:42:08,c7
2024-12-10 17:38:43,c7
2024-12-10 14:40:34,c3
2024-12-10 12:29:08,c7
2024-12-10 12:14:20,c5
2024-12-10 11:37:01,c1
2024-12-10 18:56:30,c3
2024-12-10 22:19:21,c8
2024-12-10 14:09:00,c5
2024-12-10 05:45:56,c5
2024-12-10 17:21:21,c4
2024-12-11 01:23:23,c7
2024-12-11 04:38:56,c5
2024-12-11 07:43:42,c2
2024-12-11 22:31:59,c6
2024-12-11 10:54:13,c3
2024-12-11 07:33:46,c3
2024-12-11 14:53:03,c7
2024-12-11 13:55:09,c1
2024-12-11 05:02:46,c4
2024-12-11 01:13:00,c3
2024-12-12 00:41:32,c1
2024-12-13 05:22:36,c6
2024-12-13 08:23:39,c2
2024-12-13 22:23:43,c6
2024-12-13 10:51:47,c8
2024-12-13 21:51:54,c2
2024-12-13 08:15:10,c4
2024-12-14 20:36:16,c2
2024-12-14 18:06:52,c7
2024-12-14 04:28:06,c1
2024-12-14 21:11:06,c4
2024-12-14 19:26:39,c1
2024-12-14 17:41:58,c1
2024-12-15 16:11:43,c5
2024-12-15 03:40:58,c2
2024-12-15 19:53:13,c3
2024-12-15 04:59:45,c8
2024-12-15 13:23:04,c2
2024-12-15 07:08:44,c3
2024-12-15 16:48:25,c8
2024-12-15 22:08:42,c1
2024-12-15 02:52:41,c3
2024-12-16 02:11:01,c6
2024-12-17 12:02:56,c6
2024-12-17 14:17:20,c1
2024-12-17 05:20:45,c5
2024-12-18 10:02:25,c3
2024-12-18 01:58:00,c3
2024-12-18 15:49:08,c6
2024-12-18 21:10:51,c8
2024-12-18 12:48:18,c3
2024-12-18 02:28:35,c6
2024-12-18 18:34:41,c8
2024-12-18 04:42:29,c4
2024-12-18 14:36:01,c2
2024-12-18 20:02:22,c2
2024-12-19 09:25:04,c6
2024-12-19 04:28:26,c7
2024-12-19 03:16:55,c2
2024-12-19 16:57:30,c2
2024-12-20 20:21:38,c2
2024-12-20 15:51:16,c7
2024-12-20 21:55:49,c1
2024-12-20 15:03:59,c7
2024-12-20 01:11:08,c2
2024-12-20 09:25:36,c8
2024-12-20 00:32:44,c3
2024-12-20 17:25:02,c4
2024-12-20 14:45:54,c7
2024-12-20 15:49:26,c4
2024-12-21 23:30:53,c7
2024-12-21 19:35:36,c8
2024-12-21 09:02:15,c3
2024-12-21 21:53:54,c2
2024-12-21 20:02:52,c3
2024-12-21 03:41:23,c7
2024-12-21 01:09:07,c5
2024-12-21 04:59:50,c6
2024-12-22 10:10:13,c2
2024-12-22 13:55:49,c5
2024-12-22 17:30:51,c7
2024-12-22 09:39:02,c6
2024-12-22 01:13:23,c1
2024-12-23 09:00:34,c3
2024-12-23 11:46:05,c3
2024-12-23 14:13:37,c6
2024-12-23 17:06:47,c6
2024-12-23 04:01:46,c3
2024-12-24 08:49:08,c5
2024-12-24 05:55:05,c8
2024-12-25 05:11:22,c7
2024-12-25 23:25:58,c3
2024-12-26 09:58:15,c6
2024-12-26 04:21:32,c7
2024-12-26 20:29:49,c1
2024-12-26 08:06:46,c5
2024-12-26 01:59:19,c1
2024-12-26 16:14:34,c7
2024-12-27 07:10:42,c4
2024-12-27 05:51:21,c4
2024-12-27 04:36:48,c3
2024-12-27 01:01:37,c8
2024-12-27 19:37:45,c7
2024-12-28 11:05:51,c1
2024-12-28 12:48:37,c4
2024-12-28 11:43:48,c1
2024-12-28 11:04:28,c3
2024-12-28 22:27:06,c7
2024-12-28 15:48:16,c2
2024-12-29 01:41:09,c1
2024-12-29 06:23:38,c7
2024-12-29 23:56:48,c6
2024-12-29 20:54:24,c4
2024-12-30 09:05:24,c7
2024-12-30 03:38:31,c7
2024-12-30 07:24:34,c5
2024-12-30 19:15:49,c7
2024-12-31 03:33:28,c1
2024-12-31 17:38:34,c7
2024-12-31 16:13:05,c1
2024-12-31 16:56:05,c7
2024-12-31 14:57:44,c5
2024-12-31 14:32:33,c8
2024-12-31 08:15:54,c8
2024-12-31 03:16:39,c8
